season,week,game_id,gameday,home_team,away_team,home_score,away_score,home_team_won,home_point_diff
2023,1,2023_01_DET_KC,2023-09-07,KC,DET,20.0,21.0,0,-1.0
2023,1,2023_01_CAR_ATL,2023-09-10,ATL,CAR,24.0,10.0,1,14.0
2023,1,2023_01_HOU_BAL,2023-09-10,BAL,HOU,25.0,9.0,1,16.0
2023,1,2023_01_CIN_CLE,2023-09-10,CLE,CIN,24.0,3.0,1,21.0
2023,1,2023_01_JAX_IND,2023-09-10,IND,JAX,21.0,31.0,0,-10.0
2023,1,2023_01_TB_MIN,2023-09-10,MIN,TB,17.0,20.0,0,-3.0
2023,1,2023_01_TEN_NO,2023-09-10,NO,TEN,16.0,15.0,1,1.0
2023,1,2023_01_SF_PIT,2023-09-10,PIT,SF,7.0,30.0,0,-23.0
2023,1,2023_01_ARI_WAS,2023-09-10,WAS,ARI,20.0,16.0,1,4.0
2023,1,2023_01_GB_CHI,2023-09-10,CHI,GB,20.0,38.0,0,-18.0
2023,1,2023_01_LV_DEN,2023-09-10,DEN,LV,16.0,17.0,0,-1.0
2023,1,2023_01_MIA_LAC,2023-09-10,LAC,MIA,34.0,36.0,0,-2.0
2023,1,2023_01_PHI_NE,2023-09-10,NE,PHI,20.0,25.0,0,-5.0
2023,1,2023_01_LA_SEA,2023-09-10,SEA,LA,13.0,30.0,0,-17.0
2023,1,2023_01_DAL_NYG,2023-09-10,NYG,DAL,0.0,40.0,0,-40.0
2023,1,2023_01_BUF_NYJ,2023-09-11,NYJ,BUF,22.0,16.0,1,6.0
2023,2,2023_02_MIN_PHI,2023-09-14,PHI,MIN,34.0,28.0,1,6.0
2023,2,2023_02_GB_ATL,2023-09-17,ATL,GB,25.0,24.0,1,1.0
2023,2,2023_02_LV_BUF,2023-09-17,BUF,LV,38.0,10.0,1,28.0
2023,2,2023_02_BAL_CIN,2023-09-17,CIN,BAL,24.0,27.0,0,-3.0
2023,2,2023_02_SEA_DET,2023-09-17,DET,SEA,31.0,37.0,0,-6.0
2023,2,2023_02_IND_HOU,2023-09-17,HOU,IND,20.0,31.0,0,-11.0
2023,2,2023_02_KC_JAX,2023-09-17,JAX,KC,9.0,17.0,0,-8.0
2023,2,2023_02_CHI_TB,2023-09-17,TB,CHI,27.0,17.0,1,10.0
2023,2,2023_02_LAC_TEN,2023-09-17,TEN,LAC,27.0,24.0,1,3.0
2023,2,2023_02_NYG_ARI,2023-09-17,ARI,NYG,28.0,31.0,0,-3.0
2023,2,2023_02_SF_LA,2023-09-17,LA,SF,23.0,30.0,0,-7.0
2023,2,2023_02_NYJ_DAL,2023-09-17,DAL,NYJ,30.0,10.0,1,20.0
2023,2,2023_02_WAS_DEN,2023-09-17,DEN,WAS,33.0,35.0,0,-2.0
2023,2,2023_02_MIA_NE,2023-09-17,NE,MIA,17.0,24.0,0,-7.0
2023,2,2023_02_NO_CAR,2023-09-18,CAR,NO,17.0,20.0,0,-3.0
2023,2,2023_02_CLE_PIT,2023-09-18,PIT,CLE,26.0,22.0,1,4.0
2023,3,2023_03_NYG_SF,2023-09-21,SF,NYG,30.0,12.0,1,18.0
2023,3,2023_03_IND_BAL,2023-09-24,BAL,IND,19.0,22.0,0,-3.0
2023,3,2023_03_TEN_CLE,2023-09-24,CLE,TEN,27.0,3.0,1,24.0
2023,3,2023_03_ATL_DET,2023-09-24,DET,ATL,20.0,6.0,1,14.0
2023,3,2023_03_NO_GB,2023-09-24,GB,NO,18.0,17.0,1,1.0
2023,3,2023_03_HOU_JAX,2023-09-24,JAX,HOU,17.0,37.0,0,-20.0
2023,3,2023_03_DEN_MIA,2023-09-24,MIA,DEN,70.0,20.0,1,50.0
2023,3,2023_03_LAC_MIN,2023-09-24,MIN,LAC,24.0,28.0,0,-4.0
2023,3,2023_03_NE_NYJ,2023-09-24,NYJ,NE,10.0,15.0,0,-5.0
2023,3,2023_03_BUF_WAS,2023-09-24,WAS,BUF,3.0,37.0,0,-34.0
2023,3,2023_03_CAR_SEA,2023-09-24,SEA,CAR,37.0,27.0,1,10.0
2023,3,2023_03_DAL_ARI,2023-09-24,ARI,DAL,28.0,16.0,1,12.0
2023,3,2023_03_CHI_KC,2023-09-24,KC,CHI,41.0,10.0,1,31.0
2023,3,2023_03_PIT_LV,2023-09-24,LV,PIT,18.0,23.0,0,-5.0
2023,3,2023_03_PHI_TB,2023-09-25,TB,PHI,11.0,25.0,0,-14.0
2023,3,2023_03_LA_CIN,2023-09-25,CIN,LA,19.0,16.0,1,3.0
2023,4,2023_04_DET_GB,2023-09-28,GB,DET,20.0,34.0,0,-14.0
2023,4,2023_04_ATL_JAX,2023-10-01,JAX,ATL,23.0,7.0,1,16.0
2023,4,2023_04_MIA_BUF,2023-10-01,BUF,MIA,48.0,20.0,1,28.0
2023,4,2023_04_MIN_CAR,2023-10-01,CAR,MIN,13.0,21.0,0,-8.0
2023,4,2023_04_DEN_CHI,2023-10-01,CHI,DEN,28.0,31.0,0,-3.0
2023,4,2023_04_BAL_CLE,2023-10-01,CLE,BAL,3.0,28.0,0,-25.0
2023,4,2023_04_PIT_HOU,2023-10-01,HOU,PIT,30.0,6.0,1,24.0
2023,4,2023_04_LA_IND,2023-10-01,IND,LA,23.0,29.0,0,-6.0
2023,4,2023_04_TB_NO,2023-10-01,NO,TB,9.0,26.0,0,-17.0
2023,4,2023_04_WAS_PHI,2023-10-01,PHI,WAS,34.0,31.0,1,3.0
2023,4,2023_04_CIN_TEN,2023-10-01,TEN,CIN,27.0,3.0,1,24.0
2023,4,2023_04_LV_LAC,2023-10-01,LAC,LV,24.0,17.0,1,7.0
2023,4,2023_04_NE_DAL,2023-10-01,DAL,NE,38.0,3.0,1,35.0
2023,4,2023_04_ARI_SF,2023-10-01,SF,ARI,35.0,16.0,1,19.0
2023,4,2023_04_KC_NYJ,2023-10-01,NYJ,KC,20.0,23.0,0,-3.0
2023,4,2023_04_SEA_NYG,2023-10-02,NYG,SEA,3.0,24.0,0,-21.0
2023,5,2023_05_CHI_WAS,2023-10-05,WAS,CHI,20.0,40.0,0,-20.0
2023,5,2023_05_JAX_BUF,2023-10-08,BUF,JAX,20.0,25.0,0,-5.0
2023,5,2023_05_HOU_ATL,2023-10-08,ATL,HOU,21.0,19.0,1,2.0
2023,5,2023_05_CAR_DET,2023-10-08,DET,CAR,42.0,24.0,1,18.0
2023,5,2023_05_TEN_IND,2023-10-08,IND,TEN,23.0,16.0,1,7.0
2023,5,2023_05_NYG_MIA,2023-10-08,MIA,NYG,31.0,16.0,1,15.0
2023,5,2023_05_NO_NE,2023-10-08,NE,NO,0.0,34.0,0,-34.0
2023,5,2023_05_BAL_PIT,2023-10-08,PIT,BAL,17.0,10.0,1,7.0
2023,5,2023_05_CIN_ARI,2023-10-08,ARI,CIN,20.0,34.0,0,-14.0
2023,5,2023_05_PHI_LA,2023-10-08,LA,PHI,14.0,23.0,0,-9.0
2023,5,2023_05_NYJ_DEN,2023-10-08,DEN,NYJ,21.0,31.0,0,-10.0
2023,5,2023_05_KC_MIN,2023-10-08,MIN,KC,20.0,27.0,0,-7.0
2023,5,2023_05_DAL_SF,2023-10-08,SF,DAL,42.0,10.0,1,32.0
2023,5,2023_05_GB_LV,2023-10-09,LV,GB,17.0,13.0,1,4.0
2023,6,2023_06_DEN_KC,2023-10-12,KC,DEN,19.0,8.0,1,11.0
2023,6,2023_06_BAL_TEN,2023-10-15,TEN,BAL,16.0,24.0,0,-8.0
2023,6,2023_06_WAS_ATL,2023-10-15,ATL,WAS,16.0,24.0,0,-8.0
2023,6,2023_06_MIN_CHI,2023-10-15,CHI,MIN,13.0,19.0,0,-6.0
2023,6,2023_06_SEA_CIN,2023-10-15,CIN,SEA,17.0,13.0,1,4.0
2023,6,2023_06_SF_CLE,2023-10-15,CLE,SF,19.0,17.0,1,2.0
2023,6,2023_06_NO_HOU,2023-10-15,HOU,NO,20.0,13.0,1,7.0
2023,6,2023_06_IND_JAX,2023-10-15,JAX,IND,37.0,20.0,1,17.0
2023,6,2023_06_CAR_MIA,2023-10-15,MIA,CAR,42.0,21.0,1,21.0
2023,6,2023_06_NE_LV,2023-10-15,LV,NE,21.0,17.0,1,4.0
2023,6,2023_06_ARI_LA,2023-10-15,LA,ARI,26.0,9.0,1,17.0
2023,6,2023_06_PHI_NYJ,2023-10-15,NYJ,PHI,20.0,14.0,1,6.0
2023,6,2023_06_DET_TB,2023-10-15,TB,DET,6.0,20.0,0,-14.0
2023,6,2023_06_NYG_BUF,2023-10-15,BUF,NYG,14.0,9.0,1,5.0
2023,6,2023_06_DAL_LAC,2023-10-16,LAC,DAL,17.0,20.0,0,-3.0
2023,7,2023_07_JAX_NO,2023-10-19,NO,JAX,24.0,31.0,0,-7.0
2023,7,2023_07_DET_BAL,2023-10-22,BAL,DET,38.0,6.0,1,32.0
2023,7,2023_07_LV_CHI,2023-10-22,CHI,LV,30.0,12.0,1,18.0
2023,7,2023_07_CLE_IND,2023-10-22,IND,CLE,38.0,39.0,0,-1.0
2023,7,2023_07_BUF_NE,2023-10-22,NE,BUF,29.0,25.0,1,4.0
2023,7,2023_07_WAS_NYG,2023-10-22,NYG,WAS,14.0,7.0,1,7.0
2023,7,2023_07_ATL_TB,2023-10-22,TB,ATL,13.0,16.0,0,-3.0
2023,7,2023_07_PIT_LA,2023-10-22,LA,PIT,17.0,24.0,0,-7.0
2023,7,2023_07_ARI_SEA,2023-10-22,SEA,ARI,20.0,10.0,1,10.0
2023,7,2023_07_GB_DEN,2023-10-22,DEN,GB,19.0,17.0,1,2.0
2023,7,2023_07_LAC_KC,2023-10-22,KC,LAC,31.0,17.0,1,14.0
2023,7,2023_07_MIA_PHI,2023-10-22,PHI,MIA,31.0,17.0,1,14.0
2023,7,2023_07_SF_MIN,2023-10-23,MIN,SF,22.0,17.0,1,5.0
2023,8,2023_08_TB_BUF,2023-10-26,BUF,TB,24.0,18.0,1,6.0
2023,8,2023_08_HOU_CAR,2023-10-29,CAR,HOU,15.0,13.0,1,2.0
2023,8,2023_08_LA_DAL,2023-10-29,DAL,LA,43.0,20.0,1,23.0
2023,8,2023_08_MIN_GB,2023-10-29,GB,MIN,10.0,24.0,0,-14.0
2023,8,2023_08_NO_IND,2023-10-29,IND,NO,27.0,38.0,0,-11.0
2023,8,2023_08_NE_MIA,2023-10-29,MIA,NE,31.0,17.0,1,14.0
2023,8,2023_08_NYJ_NYG,2023-10-29,NYG,NYJ,10.0,13.0,0,-3.0
2023,8,2023_08_JAX_PIT,2023-10-29,PIT,JAX,10.0,20.0,0,-10.0
2023,8,2023_08_ATL_TEN,2023-10-29,TEN,ATL,28.0,23.0,1,5.0
2023,8,2023_08_PHI_WAS,2023-10-29,WAS,PHI,31.0,38.0,0,-7.0
2023,8,2023_08_CLE_SEA,2023-10-29,SEA,CLE,24.0,20.0,1,4.0
2023,8,2023_08_BAL_ARI,2023-10-29,ARI,BAL,24.0,31.0,0,-7.0
2023,8,2023_08_KC_DEN,2023-10-29,DEN,KC,24.0,9.0,1,15.0
2023,8,2023_08_CIN_SF,2023-10-29,SF,CIN,17.0,31.0,0,-14.0
2023,8,2023_08_CHI_LAC,2023-10-29,LAC,CHI,30.0,13.0,1,17.0
2023,8,2023_08_LV_DET,2023-10-30,DET,LV,26.0,14.0,1,12.0
2023,9,2023_09_TEN_PIT,2023-11-02,PIT,TEN,20.0,16.0,1,4.0
2023,9,2023_09_MIA_KC,2023-11-05,KC,MIA,21.0,14.0,1,7.0
2023,9,2023_09_MIN_ATL,2023-11-05,ATL,MIN,28.0,31.0,0,-3.0
2023,9,2023_09_SEA_BAL,2023-11-05,BAL,SEA,37.0,3.0,1,34.0
2023,9,2023_09_ARI_CLE,2023-11-05,CLE,ARI,27.0,0.0,1,27.0
2023,9,2023_09_LA_GB,2023-11-05,GB,LA,20.0,3.0,1,17.0
2023,9,2023_09_TB_HOU,2023-11-05,HOU,TB,39.0,37.0,1,2.0
2023,9,2023_09_WAS_NE,2023-11-05,NE,WAS,17.0,20.0,0,-3.0
2023,9,2023_09_CHI_NO,2023-11-05,NO,CHI,24.0,17.0,1,7.0
2023,9,2023_09_IND_CAR,2023-11-05,CAR,IND,13.0,27.0,0,-14.0
2023,9,2023_09_NYG_LV,2023-11-05,LV,NYG,30.0,6.0,1,24.0
2023,9,2023_09_DAL_PHI,2023-11-05,PHI,DAL,28.0,23.0,1,5.0
2023,9,2023_09_BUF_CIN,2023-11-05,CIN,BUF,24.0,18.0,1,6.0
2023,9,2023_09_LAC_NYJ,2023-11-06,NYJ,LAC,6.0,27.0,0,-21.0
2023,10,2023_10_CAR_CHI,2023-11-09,CHI,CAR,16.0,13.0,1,3.0
2023,10,2023_10_IND_NE,2023-11-12,NE,IND,6.0,10.0,0,-4.0
2023,10,2023_10_CLE_BAL,2023-11-12,BAL,CLE,31.0,33.0,0,-2.0
2023,10,2023_10_HOU_CIN,2023-11-12,CIN,HOU,27.0,30.0,0,-3.0
2023,10,2023_10_SF_JAX,2023-11-12,JAX,SF,3.0,34.0,0,-31.0
2023,10,2023_10_NO_MIN,2023-11-12,MIN,NO,27.0,19.0,1,8.0
2023,10,2023_10_GB_PIT,2023-11-12,PIT,GB,23.0,19.0,1,4.0
2023,10,2023_10_TEN_TB,2023-11-12,TB,TEN,20.0,6.0,1,14.0
2023,10,2023_10_ATL_ARI,2023-11-12,ARI,ATL,25.0,23.0,1,2.0
2023,10,2023_10_DET_LAC,2023-11-12,LAC,DET,38.0,41.0,0,-3.0
2023,10,2023_10_NYG_DAL,2023-11-12,DAL,NYG,49.0,17.0,1,32.0
2023,10,2023_10_WAS_SEA,2023-11-12,SEA,WAS,29.0,26.0,1,3.0
2023,10,2023_10_NYJ_LV,2023-11-12,LV,NYJ,16.0,12.0,1,4.0
2023,10,2023_10_DEN_BUF,2023-11-13,BUF,DEN,22.0,24.0,0,-2.0
2023,11,2023_11_CIN_BAL,2023-11-16,BAL,CIN,34.0,20.0,1,14.0
2023,11,2023_11_DAL_CAR,2023-11-19,CAR,DAL,10.0,33.0,0,-23.0
2023,11,2023_11_PIT_CLE,2023-11-19,CLE,PIT,13.0,10.0,1,3.0
2023,11,2023_11_CHI_DET,2023-11-19,DET,CHI,31.0,26.0,1,5.0
2023,11,2023_11_LAC_GB,2023-11-19,GB,LAC,23.0,20.0,1,3.0
2023,11,2023_11_ARI_HOU,2023-11-19,HOU,ARI,21.0,16.0,1,5.0
2023,11,2023_11_TEN_JAX,2023-11-19,JAX,TEN,34.0,14.0,1,20.0
2023,11,2023_11_LV_MIA,2023-11-19,MIA,LV,20.0,13.0,1,7.0
2023,11,2023_11_NYG_WAS,2023-11-19,WAS,NYG,19.0,31.0,0,-12.0
2023,11,2023_11_TB_SF,2023-11-19,SF,TB,27.0,14.0,1,13.0
2023,11,2023_11_NYJ_BUF,2023-11-19,BUF,NYJ,32.0,6.0,1,26.0
2023,11,2023_11_SEA_LA,2023-11-19,LA,SEA,17.0,16.0,1,1.0
2023,11,2023_11_MIN_DEN,2023-11-19,DEN,MIN,21.0,20.0,1,1.0
2023,11,2023_11_PHI_KC,2023-11-20,KC,PHI,17.0,21.0,0,-4.0
2023,12,2023_12_GB_DET,2023-11-23,DET,GB,22.0,29.0,0,-7.0
2023,12,2023_12_WAS_DAL,2023-11-23,DAL,WAS,45.0,10.0,1,35.0
2023,12,2023_12_SF_SEA,2023-11-23,SEA,SF,13.0,31.0,0,-18.0
2023,12,2023_12_MIA_NYJ,2023-11-24,NYJ,MIA,13.0,34.0,0,-21.0
2023,12,2023_12_NO_ATL,2023-11-26,ATL,NO,24.0,15.0,1,9.0
2023,12,2023_12_PIT_CIN,2023-11-26,CIN,PIT,10.0,16.0,0,-6.0
2023,12,2023_12_JAX_HOU,2023-11-26,HOU,JAX,21.0,24.0,0,-3.0
2023,12,2023_12_TB_IND,2023-11-26,IND,TB,27.0,20.0,1,7.0
2023,12,2023_12_NE_NYG,2023-11-26,NYG,NE,10.0,7.0,1,3.0
2023,12,2023_12_CAR_TEN,2023-11-26,TEN,CAR,17.0,10.0,1,7.0
2023,12,2023_12_LA_ARI,2023-11-26,ARI,LA,14.0,37.0,0,-23.0
2023,12,2023_12_CLE_DEN,2023-11-26,DEN,CLE,29.0,12.0,1,17.0
2023,12,2023_12_KC_LV,2023-11-26,LV,KC,17.0,31.0,0,-14.0
2023,12,2023_12_BUF_PHI,2023-11-26,PHI,BUF,37.0,34.0,1,3.0
2023,12,2023_12_BAL_LAC,2023-11-26,LAC,BAL,10.0,20.0,0,-10.0
2023,12,2023_12_CHI_MIN,2023-11-27,MIN,CHI,10.0,12.0,0,-2.0
2023,13,2023_13_SEA_DAL,2023-11-30,DAL,SEA,41.0,35.0,1,6.0
2023,13,2023_13_DEN_HOU,2023-12-03,HOU,DEN,22.0,17.0,1,5.0
2023,13,2023_13_LAC_NE,2023-12-03,NE,LAC,0.0,6.0,0,-6.0
2023,13,2023_13_DET_NO,2023-12-03,NO,DET,28.0,33.0,0,-5.0
2023,13,2023_13_ATL_NYJ,2023-12-03,NYJ,ATL,8.0,13.0,0,-5.0
2023,13,2023_13_ARI_PIT,2023-12-03,PIT,ARI,10.0,24.0,0,-14.0
2023,13,2023_13_IND_TEN,2023-12-03,TEN,IND,28.0,31.0,0,-3.0
2023,13,2023_13_MIA_WAS,2023-12-03,WAS,MIA,15.0,45.0,0,-30.0
2023,13,2023_13_CAR_TB,2023-12-03,TB,CAR,21.0,18.0,1,3.0
2023,13,2023_13_CLE_LA,2023-12-03,LA,CLE,36.0,19.0,1,17.0
2023,13,2023_13_SF_PHI,2023-12-03,PHI,SF,19.0,42.0,0,-23.0
2023,13,2023_13_KC_GB,2023-12-03,GB,KC,27.0,19.0,1,8.0
2023,13,2023_13_CIN_JAX,2023-12-04,JAX,CIN,31.0,34.0,0,-3.0
2023,14,2023_14_NE_PIT,2023-12-07,PIT,NE,18.0,21.0,0,-3.0
2023,14,2023_14_TB_ATL,2023-12-10,ATL,TB,25.0,29.0,0,-4.0
2023,14,2023_14_LA_BAL,2023-12-10,BAL,LA,37.0,31.0,1,6.0
2023,14,2023_14_DET_CHI,2023-12-10,CHI,DET,28.0,13.0,1,15.0
2023,14,2023_14_IND_CIN,2023-12-10,CIN,IND,34.0,14.0,1,20.0
2023,14,2023_14_JAX_CLE,2023-12-10,CLE,JAX,31.0,27.0,1,4.0
2023,14,2023_14_CAR_NO,2023-12-10,NO,CAR,28.0,6.0,1,22.0
2023,14,2023_14_HOU_NYJ,2023-12-10,NYJ,HOU,30.0,6.0,1,24.0
2023,14,2023_14_MIN_LV,2023-12-10,LV,MIN,0.0,3.0,0,-3.0
2023,14,2023_14_SEA_SF,2023-12-10,SF,SEA,28.0,16.0,1,12.0
2023,14,2023_14_BUF_KC,2023-12-10,KC,BUF,17.0,20.0,0,-3.0
2023,14,2023_14_DEN_LAC,2023-12-10,LAC,DEN,7.0,24.0,0,-17.0
2023,14,2023_14_PHI_DAL,2023-12-10,DAL,PHI,33.0,13.0,1,20.0
2023,14,2023_14_TEN_MIA,2023-12-11,MIA,TEN,27.0,28.0,0,-1.0
2023,14,2023_14_GB_NYG,2023-12-11,NYG,GB,24.0,22.0,1,2.0
2023,15,2023_15_LAC_LV,2023-12-14,LV,LAC,63.0,21.0,1,42.0
2023,15,2023_15_MIN_CIN,2023-12-16,CIN,MIN,27.0,24.0,1,3.0
2023,15,2023_15_PIT_IND,2023-12-16,IND,PIT,30.0,13.0,1,17.0
2023,15,2023_15_DEN_DET,2023-12-16,DET,DEN,42.0,17.0,1,25.0
2023,15,2023_15_ATL_CAR,2023-12-17,CAR,ATL,9.0,7.0,1,2.0
2023,15,2023_15_CHI_CLE,2023-12-17,CLE,CHI,20.0,17.0,1,3.0
2023,15,2023_15_TB_GB,2023-12-17,GB,TB,20.0,34.0,0,-14.0
2023,15,2023_15_NYJ_MIA,2023-12-17,MIA,NYJ,30.0,0.0,1,30.0
2023,15,2023_15_KC_NE,2023-12-17,NE,KC,17.0,27.0,0,-10.0
2023,15,2023_15_NYG_NO,2023-12-17,NO,NYG,24.0,6.0,1,18.0
2023,15,2023_15_HOU_TEN,2023-12-17,TEN,HOU,16.0,19.0,0,-3.0
2023,15,2023_15_SF_ARI,2023-12-17,ARI,SF,29.0,45.0,0,-16.0
2023,15,2023_15_WAS_LA,2023-12-17,LA,WAS,28.0,20.0,1,8.0
2023,15,2023_15_DAL_BUF,2023-12-17,BUF,DAL,31.0,10.0,1,21.0
2023,15,2023_15_BAL_JAX,2023-12-17,JAX,BAL,7.0,23.0,0,-16.0
2023,15,2023_15_PHI_SEA,2023-12-18,SEA,PHI,20.0,17.0,1,3.0
2023,16,2023_16_NO_LA,2023-12-21,LA,NO,30.0,22.0,1,8.0
2023,16,2023_16_CIN_PIT,2023-12-23,PIT,CIN,34.0,11.0,1,23.0
2023,16,2023_16_BUF_LAC,2023-12-23,LAC,BUF,22.0,24.0,0,-2.0
2023,16,2023_16_IND_ATL,2023-12-24,ATL,IND,29.0,10.0,1,19.0
2023,16,2023_16_GB_CAR,2023-12-24,CAR,GB,30.0,33.0,0,-3.0
2023,16,2023_16_CLE_HOU,2023-12-24,HOU,CLE,22.0,36.0,0,-14.0
2023,16,2023_16_DET_MIN,2023-12-24,MIN,DET,24.0,30.0,0,-6.0
2023,16,2023_16_WAS_NYJ,2023-12-24,NYJ,WAS,30.0,28.0,1,2.0
2023,16,2023_16_SEA_TEN,2023-12-24,TEN,SEA,17.0,20.0,0,-3.0
2023,16,2023_16_JAX_TB,2023-12-24,TB,JAX,30.0,12.0,1,18.0
2023,16,2023_16_ARI_CHI,2023-12-24,CHI,ARI,27.0,16.0,1,11.0
2023,16,2023_16_DAL_MIA,2023-12-24,MIA,DAL,22.0,20.0,1,2.0
2023,16,2023_16_NE_DEN,2023-12-24,DEN,NE,23.0,26.0,0,-3.0
2023,16,2023_16_LV_KC,2023-12-25,KC,LV,14.0,20.0,0,-6.0
2023,16,2023_16_NYG_PHI,2023-12-25,PHI,NYG,33.0,25.0,1,8.0
2023,16,2023_16_BAL_SF,2023-12-25,SF,BAL,19.0,33.0,0,-14.0
2023,17,2023_17_NYJ_CLE,2023-12-28,CLE,NYJ,37.0,20.0,1,17.0
2023,17,2023_17_DET_DAL,2023-12-30,DAL,DET,20.0,19.0,1,1.0
2023,17,2023_17_MIA_BAL,2023-12-31,BAL,MIA,56.0,19.0,1,37.0
2023,17,2023_17_NE_BUF,2023-12-31,BUF,NE,27.0,21.0,1,6.0
2023,17,2023_17_ATL_CHI,2023-12-31,CHI,ATL,37.0,17.0,1,20.0
2023,17,2023_17_TEN_HOU,2023-12-31,HOU,TEN,26.0,3.0,1,23.0
2023,17,2023_17_LV_IND,2023-12-31,IND,LV,23.0,20.0,1,3.0
2023,17,2023_17_CAR_JAX,2023-12-31,JAX,CAR,26.0,0.0,1,26.0
2023,17,2023_17_LA_NYG,2023-12-31,NYG,LA,25.0,26.0,0,-1.0
2023,17,2023_17_ARI_PHI,2023-12-31,PHI,ARI,31.0,35.0,0,-4.0
2023,17,2023_17_NO_TB,2023-12-31,TB,NO,13.0,23.0,0,-10.0
2023,17,2023_17_SF_WAS,2023-12-31,WAS,SF,10.0,27.0,0,-17.0
2023,17,2023_17_PIT_SEA,2023-12-31,SEA,PIT,23.0,30.0,0,-7.0
2023,17,2023_17_LAC_DEN,2023-12-31,DEN,LAC,16.0,9.0,1,7.0
2023,17,2023_17_CIN_KC,2023-12-31,KC,CIN,25.0,17.0,1,8.0
2023,17,2023_17_GB_MIN,2023-12-31,MIN,GB,10.0,33.0,0,-23.0
2023,18,2023_18_PIT_BAL,2024-01-06,BAL,PIT,10.0,17.0,0,-7.0
2023,18,2023_18_HOU_IND,2024-01-06,IND,HOU,19.0,23.0,0,-4.0
2023,18,2023_18_TB_CAR,2024-01-07,CAR,TB,0.0,9.0,0,-9.0
2023,18,2023_18_CLE_CIN,2024-01-07,CIN,CLE,31.0,14.0,1,17.0
2023,18,2023_18_MIN_DET,2024-01-07,DET,MIN,30.0,20.0,1,10.0
2023,18,2023_18_NYJ_NE,2024-01-07,NE,NYJ,3.0,17.0,0,-14.0
2023,18,2023_18_ATL_NO,2024-01-07,NO,ATL,48.0,17.0,1,31.0
2023,18,2023_18_JAX_TEN,2024-01-07,TEN,JAX,28.0,20.0,1,8.0
2023,18,2023_18_SEA_ARI,2024-01-07,ARI,SEA,20.0,21.0,0,-1.0
2023,18,2023_18_CHI_GB,2024-01-07,GB,CHI,17.0,9.0,1,8.0
2023,18,2023_18_KC_LAC,2024-01-07,LAC,KC,12.0,13.0,0,-1.0
2023,18,2023_18_DEN_LV,2024-01-07,LV,DEN,27.0,14.0,1,13.0
2023,18,2023_18_PHI_NYG,2024-01-07,NYG,PHI,27.0,10.0,1,17.0
2023,18,2023_18_LA_SF,2024-01-07,SF,LA,20.0,21.0,0,-1.0
2023,18,2023_18_DAL_WAS,2024-01-07,WAS,DAL,10.0,38.0,0,-28.0
2023,18,2023_18_BUF_MIA,2024-01-07,MIA,BUF,14.0,21.0,0,-7.0
2023,19,2023_19_CLE_HOU,2024-01-13,HOU,CLE,45.0,14.0,1,31.0
2023,19,2023_19_MIA_KC,2024-01-13,KC,MIA,26.0,7.0,1,19.0
2023,19,2023_19_GB_DAL,2024-01-14,DAL,GB,32.0,48.0,0,-16.0
2023,19,2023_19_LA_DET,2024-01-14,DET,LA,24.0,23.0,1,1.0
2023,19,2023_19_PIT_BUF,2024-01-15,BUF,PIT,31.0,17.0,1,14.0
2023,19,2023_19_PHI_TB,2024-01-15,TB,PHI,32.0,9.0,1,23.0
2023,20,2023_20_HOU_BAL,2024-01-20,BAL,HOU,34.0,10.0,1,24.0
2023,20,2023_20_GB_SF,2024-01-20,SF,GB,24.0,21.0,1,3.0
2023,20,2023_20_TB_DET,2024-01-21,DET,TB,31.0,23.0,1,8.0
2023,20,2023_20_KC_BUF,2024-01-21,BUF,KC,24.0,27.0,0,-3.0
2023,21,2023_21_KC_BAL,2024-01-28,BAL,KC,10.0,17.0,0,-7.0
2023,21,2023_21_DET_SF,2024-01-28,SF,DET,34.0,31.0,1,3.0
2023,22,2023_22_SF_KC,2024-02-11,KC,SF,25.0,22.0,1,3.0
2024,1,2024_01_BAL_KC,2024-09-05,KC,BAL,27.0,20.0,1,7.0
2024,1,2024_01_GB_PHI,2024-09-06,PHI,GB,34.0,29.0,1,5.0
2024,1,2024_01_PIT_ATL,2024-09-08,ATL,PIT,10.0,18.0,0,-8.0
2024,1,2024_01_ARI_BUF,2024-09-08,BUF,ARI,34.0,28.0,1,6.0
2024,1,2024_01_TEN_CHI,2024-09-08,CHI,TEN,24.0,17.0,1,7.0
2024,1,2024_01_NE_CIN,2024-09-08,CIN,NE,10.0,16.0,0,-6.0
2024,1,2024_01_HOU_IND,2024-09-08,IND,HOU,27.0,29.0,0,-2.0
2024,1,2024_01_JAX_MIA,2024-09-08,MIA,JAX,20.0,17.0,1,3.0
2024,1,2024_01_CAR_NO,2024-09-08,NO,CAR,47.0,10.0,1,37.0
2024,1,2024_01_MIN_NYG,2024-09-08,NYG,MIN,6.0,28.0,0,-22.0
2024,1,2024_01_LV_LAC,2024-09-08,LAC,LV,22.0,10.0,1,12.0
2024,1,2024_01_DEN_SEA,2024-09-08,SEA,DEN,26.0,20.0,1,6.0
2024,1,2024_01_DAL_CLE,2024-09-08,CLE,DAL,17.0,33.0,0,-16.0
2024,1,2024_01_WAS_TB,2024-09-08,TB,WAS,37.0,20.0,1,17.0
2024,1,2024_01_LA_DET,2024-09-08,DET,LA,26.0,20.0,1,6.0
2024,1,2024_01_NYJ_SF,2024-09-09,SF,NYJ,32.0,19.0,1,13.0
2024,2,2024_02_BUF_MIA,2024-09-12,MIA,BUF,10.0,31.0,0,-21.0
2024,2,2024_02_LV_BAL,2024-09-15,BAL,LV,23.0,26.0,0,-3.0
2024,2,2024_02_LAC_CAR,2024-09-15,CAR,LAC,3.0,26.0,0,-23.0
2024,2,2024_02_NO_DAL,2024-09-15,DAL,NO,19.0,44.0,0,-25.0
2024,2,2024_02_TB_DET,2024-09-15,DET,TB,16.0,20.0,0,-4.0
2024,2,2024_02_IND_GB,2024-09-15,GB,IND,16.0,10.0,1,6.0
2024,2,2024_02_CLE_JAX,2024-09-15,JAX,CLE,13.0,18.0,0,-5.0
2024,2,2024_02_SF_MIN,2024-09-15,MIN,SF,23.0,17.0,1,6.0
2024,2,2024_02_SEA_NE,2024-09-15,NE,SEA,20.0,23.0,0,-3.0
2024,2,2024_02_NYJ_TEN,2024-09-15,TEN,NYJ,17.0,24.0,0,-7.0
2024,2,2024_02_NYG_WAS,2024-09-15,WAS,NYG,21.0,18.0,1,3.0
2024,2,2024_02_LA_ARI,2024-09-15,ARI,LA,41.0,10.0,1,31.0
2024,2,2024_02_PIT_DEN,2024-09-15,DEN,PIT,6.0,13.0,0,-7.0
2024,2,2024_02_CIN_KC,2024-09-15,KC,CIN,26.0,25.0,1,1.0
2024,2,2024_02_CHI_HOU,2024-09-15,HOU,CHI,19.0,13.0,1,6.0
2024,2,2024_02_ATL_PHI,2024-09-16,PHI,ATL,21.0,22.0,0,-1.0
2024,3,2024_03_NE_NYJ,2024-09-19,NYJ,NE,24.0,3.0,1,21.0
2024,3,2024_03_NYG_CLE,2024-09-22,CLE,NYG,15.0,21.0,0,-6.0
2024,3,2024_03_CHI_IND,2024-09-22,IND,CHI,21.0,16.0,1,5.0
2024,3,2024_03_HOU_MIN,2024-09-22,MIN,HOU,34.0,7.0,1,27.0
2024,3,2024_03_PHI_NO,2024-09-22,NO,PHI,12.0,15.0,0,-3.0
2024,3,2024_03_LAC_PIT,2024-09-22,PIT,LAC,20.0,10.0,1,10.0
2024,3,2024_03_DEN_TB,2024-09-22,TB,DEN,7.0,26.0,0,-19.0
2024,3,2024_03_GB_TEN,2024-09-22,TEN,GB,14.0,30.0,0,-16.0
2024,3,2024_03_CAR_LV,2024-09-22,LV,CAR,22.0,36.0,0,-14.0
2024,3,2024_03_MIA_SEA,2024-09-22,SEA,MIA,24.0,3.0,1,21.0
2024,3,2024_03_DET_ARI,2024-09-22,ARI,DET,13.0,20.0,0,-7.0
2024,3,2024_03_BAL_DAL,2024-09-22,DAL,BAL,25.0,28.0,0,-3.0
2024,3,2024_03_SF_LA,2024-09-22,LA,SF,27.0,24.0,1,3.0
2024,3,2024_03_KC_ATL,2024-09-22,ATL,KC,17.0,22.0,0,-5.0
2024,3,2024_03_JAX_BUF,2024-09-23,BUF,JAX,47.0,10.0,1,37.0
2024,3,2024_03_WAS_CIN,2024-09-23,CIN,WAS,33.0,38.0,0,-5.0
2024,4,2024_04_DAL_NYG,2024-09-26,NYG,DAL,15.0,20.0,0,-5.0
2024,4,2024_04_NO_ATL,2024-09-29,ATL,NO,26.0,24.0,1,2.0
2024,4,2024_04_CIN_CAR,2024-09-29,CAR,CIN,24.0,34.0,0,-10.0
2024,4,2024_04_LA_CHI,2024-09-29,CHI,LA,24.0,18.0,1,6.0
2024,4,2024_04_MIN_GB,2024-09-29,GB,MIN,29.0,31.0,0,-2.0
2024,4,2024_04_JAX_HOU,2024-09-29,HOU,JAX,24.0,20.0,1,4.0
2024,4,2024_04_PIT_IND,2024-09-29,IND,PIT,27.0,24.0,1,3.0
2024,4,2024_04_DEN_NYJ,2024-09-29,NYJ,DEN,9.0,10.0,0,-1.0
2024,4,2024_04_PHI_TB,2024-09-29,TB,PHI,33.0,16.0,1,17.0
2024,4,2024_04_WAS_ARI,2024-09-29,ARI,WAS,14.0,42.0,0,-28.0
2024,4,2024_04_NE_SF,2024-09-29,SF,NE,30.0,13.0,1,17.0
2024,4,2024_04_KC_LAC,2024-09-29,LAC,KC,10.0,17.0,0,-7.0
2024,4,2024_04_CLE_LV,2024-09-29,LV,CLE,20.0,16.0,1,4.0
2024,4,2024_04_BUF_BAL,2024-09-29,BAL,BUF,35.0,10.0,1,25.0
2024,4,2024_04_TEN_MIA,2024-09-30,MIA,TEN,12.0,31.0,0,-19.0
2024,4,2024_04_SEA_DET,2024-09-30,DET,SEA,42.0,29.0,1,13.0
2024,5,2024_05_TB_ATL,2024-10-03,ATL,TB,36.0,30.0,1,6.0
2024,5,2024_05_NYJ_MIN,2024-10-06,MIN,NYJ,23.0,17.0,1,6.0
2024,5,2024_05_CAR_CHI,2024-10-06,CHI,CAR,36.0,10.0,1,26.0
2024,5,2024_05_BAL_CIN,2024-10-06,CIN,BAL,38.0,41.0,0,-3.0
2024,5,2024_05_BUF_HOU,2024-10-06,HOU,BUF,23.0,20.0,1,3.0
2024,5,2024_05_IND_JAX,2024-10-06,JAX,IND,37.0,34.0,1,3.0
2024,5,2024_05_MIA_NE,2024-10-06,NE,MIA,10.0,15.0,0,-5.0
2024,5,2024_05_CLE_WAS,2024-10-06,WAS,CLE,34.0,13.0,1,21.0
2024,5,2024_05_LV_DEN,2024-10-06,DEN,LV,34.0,18.0,1,16.0
2024,5,2024_05_ARI_SF,2024-10-06,SF,ARI,23.0,24.0,0,-1.0
2024,5,2024_05_GB_LA,2024-10-06,LA,GB,19.0,24.0,0,-5.0
2024,5,2024_05_NYG_SEA,2024-10-06,SEA,NYG,20.0,29.0,0,-9.0
2024,5,2024_05_DAL_PIT,2024-10-06,PIT,DAL,17.0,20.0,0,-3.0
2024,5,2024_05_NO_KC,2024-10-07,KC,NO,26.0,13.0,1,13.0
2024,6,2024_06_SF_SEA,2024-10-10,SEA,SF,24.0,36.0,0,-12.0
2024,6,2024_06_JAX_CHI,2024-10-13,CHI,JAX,35.0,16.0,1,19.0
2024,6,2024_06_WAS_BAL,2024-10-13,BAL,WAS,30.0,23.0,1,7.0
2024,6,2024_06_ARI_GB,2024-10-13,GB,ARI,34.0,13.0,1,21.0
2024,6,2024_06_HOU_NE,2024-10-13,NE,HOU,21.0,41.0,0,-20.0
2024,6,2024_06_TB_NO,2024-10-13,NO,TB,27.0,51.0,0,-24.0
2024,6,2024_06_CLE_PHI,2024-10-13,PHI,CLE,20.0,16.0,1,4.0
2024,6,2024_06_IND_TEN,2024-10-13,TEN,IND,17.0,20.0,0,-3.0
2024,6,2024_06_LAC_DEN,2024-10-13,DEN,LAC,16.0,23.0,0,-7.0
2024,6,2024_06_PIT_LV,2024-10-13,LV,PIT,13.0,32.0,0,-19.0
2024,6,2024_06_ATL_CAR,2024-10-13,CAR,ATL,20.0,38.0,0,-18.0
2024,6,2024_06_DET_DAL,2024-10-13,DAL,DET,9.0,47.0,0,-38.0
2024,6,2024_06_CIN_NYG,2024-10-13,NYG,CIN,7.0,17.0,0,-10.0
2024,6,2024_06_BUF_NYJ,2024-10-14,NYJ,BUF,20.0,23.0,0,-3.0
2024,7,2024_07_DEN_NO,2024-10-17,NO,DEN,10.0,33.0,0,-23.0
2024,7,2024_07_NE_JAX,2024-10-20,JAX,NE,32.0,16.0,1,16.0
2024,7,2024_07_SEA_ATL,2024-10-20,ATL,SEA,14.0,34.0,0,-20.0
2024,7,2024_07_TEN_BUF,2024-10-20,BUF,TEN,34.0,10.0,1,24.0
2024,7,2024_07_CIN_CLE,2024-10-20,CLE,CIN,14.0,21.0,0,-7.0
2024,7,2024_07_HOU_GB,2024-10-20,GB,HOU,24.0,22.0,1,2.0
2024,7,2024_07_MIA_IND,2024-10-20,IND,MIA,16.0,10.0,1,6.0
2024,7,2024_07_DET_MIN,2024-10-20,MIN,DET,29.0,31.0,0,-2.0
2024,7,2024_07_PHI_NYG,2024-10-20,NYG,PHI,3.0,28.0,0,-25.0
2024,7,2024_07_LV_LA,2024-10-20,LA,LV,20.0,15.0,1,5.0
2024,7,2024_07_CAR_WAS,2024-10-20,WAS,CAR,40.0,7.0,1,33.0
2024,7,2024_07_KC_SF,2024-10-20,SF,KC,18.0,28.0,0,-10.0
2024,7,2024_07_NYJ_PIT,2024-10-20,PIT,NYJ,37.0,15.0,1,22.0
2024,7,2024_07_BAL_TB,2024-10-21,TB,BAL,31.0,41.0,0,-10.0
2024,7,2024_07_LAC_ARI,2024-10-21,ARI,LAC,17.0,15.0,1,2.0
2024,8,2024_08_MIN_LA,2024-10-24,LA,MIN,30.0,20.0,1,10.0
2024,8,2024_08_PHI_CIN,2024-10-27,CIN,PHI,17.0,37.0,0,-20.0
2024,8,2024_08_BAL_CLE,2024-10-27,CLE,BAL,29.0,24.0,1,5.0
2024,8,2024_08_TEN_DET,2024-10-27,DET,TEN,52.0,14.0,1,38.0
2024,8,2024_08_IND_HOU,2024-10-27,HOU,IND,23.0,20.0,1,3.0
2024,8,2024_08_GB_JAX,2024-10-27,JAX,GB,27.0,30.0,0,-3.0
2024,8,2024_08_ARI_MIA,2024-10-27,MIA,ARI,27.0,28.0,0,-1.0
2024,8,2024_08_NYJ_NE,2024-10-27,NE,NYJ,25.0,22.0,1,3.0
2024,8,2024_08_ATL_TB,2024-10-27,TB,ATL,26.0,31.0,0,-5.0
2024,8,2024_08_NO_LAC,2024-10-27,LAC,NO,26.0,8.0,1,18.0
2024,8,2024_08_BUF_SEA,2024-10-27,SEA,BUF,10.0,31.0,0,-21.0
2024,8,2024_08_CAR_DEN,2024-10-27,DEN,CAR,28.0,14.0,1,14.0
2024,8,2024_08_KC_LV,2024-10-27,LV,KC,20.0,27.0,0,-7.0
2024,8,2024_08_CHI_WAS,2024-10-27,WAS,CHI,18.0,15.0,1,3.0
2024,8,2024_08_DAL_SF,2024-10-27,SF,DAL,30.0,24.0,1,6.0
2024,8,2024_08_NYG_PIT,2024-10-28,PIT,NYG,26.0,18.0,1,8.0
2024,9,2024_09_HOU_NYJ,2024-10-31,NYJ,HOU,21.0,13.0,1,8.0
2024,9,2024_09_DAL_ATL,2024-11-03,ATL,DAL,27.0,21.0,1,6.0
2024,9,2024_09_DEN_BAL,2024-11-03,BAL,DEN,41.0,10.0,1,31.0
2024,9,2024_09_MIA_BUF,2024-11-03,BUF,MIA,30.0,27.0,1,3.0
2024,9,2024_09_NO_CAR,2024-11-03,CAR,NO,23.0,22.0,1,1.0
2024,9,2024_09_LV_CIN,2024-11-03,CIN,LV,41.0,24.0,1,17.0
2024,9,2024_09_LAC_CLE,2024-11-03,CLE,LAC,10.0,27.0,0,-17.0
2024,9,2024_09_WAS_NYG,2024-11-03,NYG,WAS,22.0,27.0,0,-5.0
2024,9,2024_09_NE_TEN,2024-11-03,TEN,NE,20.0,17.0,1,3.0
2024,9,2024_09_CHI_ARI,2024-11-03,ARI,CHI,29.0,9.0,1,20.0
2024,9,2024_09_JAX_PHI,2024-11-03,PHI,JAX,28.0,23.0,1,5.0
2024,9,2024_09_DET_GB,2024-11-03,GB,DET,14.0,24.0,0,-10.0
2024,9,2024_09_LA_SEA,2024-11-03,SEA,LA,20.0,26.0,0,-6.0
2024,9,2024_09_IND_MIN,2024-11-03,MIN,IND,21.0,13.0,1,8.0
2024,9,2024_09_TB_KC,2024-11-04,KC,TB,30.0,24.0,1,6.0
2024,10,2024_10_CIN_BAL,2024-11-07,BAL,CIN,35.0,34.0,1,1.0
2024,10,2024_10_NYG_CAR,2024-11-10,CAR,NYG,20.0,17.0,1,3.0
2024,10,2024_10_NE_CHI,2024-11-10,CHI,NE,3.0,19.0,0,-16.0
2024,10,2024_10_BUF_IND,2024-11-10,IND,BUF,20.0,30.0,0,-10.0
2024,10,2024_10_MIN_JAX,2024-11-10,JAX,MIN,7.0,12.0,0,-5.0
2024,10,2024_10_DEN_KC,2024-11-10,KC,DEN,16.0,14.0,1,2.0
2024,10,2024_10_ATL_NO,2024-11-10,NO,ATL,20.0,17.0,1,3.0
2024,10,2024_10_SF_TB,2024-11-10,TB,SF,20.0,23.0,0,-3.0
2024,10,2024_10_PIT_WAS,2024-11-10,WAS,PIT,27.0,28.0,0,-1.0
2024,10,2024_10_TEN_LAC,2024-11-10,LAC,TEN,27.0,17.0,1,10.0
2024,10,2024_10_NYJ_ARI,2024-11-10,ARI,NYJ,31.0,6.0,1,25.0
2024,10,2024_10_PHI_DAL,2024-11-10,DAL,PHI,6.0,34.0,0,-28.0
2024,10,2024_10_DET_HOU,2024-11-10,HOU,DET,23.0,26.0,0,-3.0
2024,10,2024_10_MIA_LA,2024-11-11,LA,MIA,15.0,23.0,0,-8.0
2024,11,2024_11_WAS_PHI,2024-11-14,PHI,WAS,26.0,18.0,1,8.0
2024,11,2024_11_GB_CHI,2024-11-17,CHI,GB,19.0,20.0,0,-1.0
2024,11,2024_11_JAX_DET,2024-11-17,DET,JAX,52.0,6.0,1,46.0
2024,11,2024_11_LV_MIA,2024-11-17,MIA,LV,34.0,19.0,1,15.0
2024,11,2024_11_LA_NE,2024-11-17,NE,LA,22.0,28.0,0,-6.0
2024,11,2024_11_CLE_NO,2024-11-17,NO,CLE,35.0,14.0,1,21.0
2024,11,2024_11_IND_NYJ,2024-11-17,NYJ,IND,27.0,28.0,0,-1.0
2024,11,2024_11_BAL_PIT,2024-11-17,PIT,BAL,18.0,16.0,1,2.0
2024,11,2024_11_MIN_TEN,2024-11-17,TEN,MIN,13.0,23.0,0,-10.0
2024,11,2024_11_ATL_DEN,2024-11-17,DEN,ATL,38.0,6.0,1,32.0
2024,11,2024_11_SEA_SF,2024-11-17,SF,SEA,17.0,20.0,0,-3.0
2024,11,2024_11_KC_BUF,2024-11-17,BUF,KC,30.0,21.0,1,9.0
2024,11,2024_11_CIN_LAC,2024-11-17,LAC,CIN,34.0,27.0,1,7.0
2024,11,2024_11_HOU_DAL,2024-11-18,DAL,HOU,10.0,34.0,0,-24.0
2024,12,2024_12_PIT_CLE,2024-11-21,CLE,PIT,24.0,19.0,1,5.0
2024,12,2024_12_KC_CAR,2024-11-24,CAR,KC,27.0,30.0,0,-3.0
2024,12,2024_12_MIN_CHI,2024-11-24,CHI,MIN,27.0,30.0,0,-3.0
2024,12,2024_12_TEN_HOU,2024-11-24,HOU,TEN,27.0,32.0,0,-5.0
2024,12,2024_12_DET_IND,2024-11-24,IND,DET,6.0,24.0,0,-18.0
2024,12,2024_12_NE_MIA,2024-11-24,MIA,NE,34.0,15.0,1,19.0
2024,12,2024_12_TB_NYG,2024-11-24,NYG,TB,7.0,30.0,0,-23.0
2024,12,2024_12_DAL_WAS,2024-11-24,WAS,DAL,26.0,34.0,0,-8.0
2024,12,2024_12_DEN_LV,2024-11-24,LV,DEN,19.0,29.0,0,-10.0
2024,12,2024_12_SF_GB,2024-11-24,GB,SF,38.0,10.0,1,28.0
2024,12,2024_12_ARI_SEA,2024-11-24,SEA,ARI,16.0,6.0,1,10.0
2024,12,2024_12_PHI_LA,2024-11-24,LA,PHI,20.0,37.0,0,-17.0
2024,12,2024_12_BAL_LAC,2024-11-25,LAC,BAL,23.0,30.0,0,-7.0
2024,13,2024_13_CHI_DET,2024-11-28,DET,CHI,23.0,20.0,1,3.0
2024,13,2024_13_NYG_DAL,2024-11-28,DAL,NYG,27.0,20.0,1,7.0
2024,13,2024_13_MIA_GB,2024-11-28,GB,MIA,30.0,17.0,1,13.0
2024,13,2024_13_LV_KC,2024-11-29,KC,LV,19.0,17.0,1,2.0
2024,13,2024_13_LAC_ATL,2024-12-01,ATL,LAC,13.0,17.0,0,-4.0
2024,13,2024_13_PIT_CIN,2024-12-01,CIN,PIT,38.0,44.0,0,-6.0
2024,13,2024_13_HOU_JAX,2024-12-01,JAX,HOU,20.0,23.0,0,-3.0
2024,13,2024_13_ARI_MIN,2024-12-01,MIN,ARI,23.0,22.0,1,1.0
2024,13,2024_13_IND_NE,2024-12-01,NE,IND,24.0,25.0,0,-1.0
2024,13,2024_13_SEA_NYJ,2024-12-01,NYJ,SEA,21.0,26.0,0,-5.0
2024,13,2024_13_TEN_WAS,2024-12-01,WAS,TEN,42.0,19.0,1,23.0
2024,13,2024_13_TB_CAR,2024-12-01,CAR,TB,23.0,26.0,0,-3.0
2024,13,2024_13_LA_NO,2024-12-01,NO,LA,14.0,21.0,0,-7.0
2024,13,2024_13_PHI_BAL,2024-12-01,BAL,PHI,19.0,24.0,0,-5.0
2024,13,2024_13_SF_BUF,2024-12-01,BUF,SF,35.0,10.0,1,25.0
2024,13,2024_13_CLE_DEN,2024-12-02,DEN,CLE,41.0,32.0,1,9.0
2024,14,2024_14_GB_DET,2024-12-05,DET,GB,34.0,31.0,1,3.0
2024,14,2024_14_NYJ_MIA,2024-12-08,MIA,NYJ,32.0,26.0,1,6.0
2024,14,2024_14_ATL_MIN,2024-12-08,MIN,ATL,42.0,21.0,1,21.0
2024,14,2024_14_NO_NYG,2024-12-08,NYG,NO,11.0,14.0,0,-3.0
2024,14,2024_14_CAR_PHI,2024-12-08,PHI,CAR,22.0,16.0,1,6.0
2024,14,2024_14_CLE_PIT,2024-12-08,PIT,CLE,27.0,14.0,1,13.0
2024,14,2024_14_LV_TB,2024-12-08,TB,LV,28.0,13.0,1,15.0
2024,14,2024_14_JAX_TEN,2024-12-08,TEN,JAX,6.0,10.0,0,-4.0
2024,14,2024_14_SEA_ARI,2024-12-08,ARI,SEA,18.0,30.0,0,-12.0
2024,14,2024_14_BUF_LA,2024-12-08,LA,BUF,44.0,42.0,1,2.0
2024,14,2024_14_CHI_SF,2024-12-08,SF,CHI,38.0,13.0,1,25.0
2024,14,2024_14_LAC_KC,2024-12-08,KC,LAC,19.0,17.0,1,2.0
2024,14,2024_14_CIN_DAL,2024-12-09,DAL,CIN,20.0,27.0,0,-7.0
2024,15,2024_15_LA_SF,2024-12-12,SF,LA,6.0,12.0,0,-6.0
2024,15,2024_15_DAL_CAR,2024-12-15,CAR,DAL,14.0,30.0,0,-16.0
2024,15,2024_15_KC_CLE,2024-12-15,CLE,KC,7.0,21.0,0,-14.0
2024,15,2024_15_MIA_HOU,2024-12-15,HOU,MIA,20.0,12.0,1,8.0
2024,15,2024_15_NYJ_JAX,2024-12-15,JAX,NYJ,25.0,32.0,0,-7.0
2024,15,2024_15_WAS_NO,2024-12-15,NO,WAS,19.0,20.0,0,-1.0
2024,15,2024_15_BAL_NYG,2024-12-15,NYG,BAL,14.0,35.0,0,-21.0
2024,15,2024_15_CIN_TEN,2024-12-15,TEN,CIN,27.0,37.0,0,-10.0
2024,15,2024_15_NE_ARI,2024-12-15,ARI,NE,30.0,17.0,1,13.0
2024,15,2024_15_IND_DEN,2024-12-15,DEN,IND,31.0,13.0,1,18.0
2024,15,2024_15_BUF_DET,2024-12-15,DET,BUF,42.0,48.0,0,-6.0
2024,15,2024_15_TB_LAC,2024-12-15,LAC,TB,17.0,40.0,0,-23.0
2024,15,2024_15_PIT_PHI,2024-12-15,PHI,PIT,27.0,13.0,1,14.0
2024,15,2024_15_GB_SEA,2024-12-15,SEA,GB,13.0,30.0,0,-17.0
2024,15,2024_15_CHI_MIN,2024-12-16,MIN,CHI,30.0,12.0,1,18.0
2024,15,2024_15_ATL_LV,2024-12-16,LV,ATL,9.0,15.0,0,-6.0
2024,16,2024_16_DEN_LAC,2024-12-19,LAC,DEN,34.0,27.0,1,7.0
2024,16,2024_16_HOU_KC,2024-12-21,KC,HOU,27.0,19.0,1,8.0
2024,16,2024_16_PIT_BAL,2024-12-21,BAL,PIT,34.0,17.0,1,17.0
2024,16,2024_16_NYG_ATL,2024-12-22,ATL,NYG,34.0,7.0,1,27.0
2024,16,2024_16_ARI_CAR,2024-12-22,CAR,ARI,36.0,30.0,1,6.0
2024,16,2024_16_DET_CHI,2024-12-22,CHI,DET,17.0,34.0,0,-17.0
2024,16,2024_16_CLE_CIN,2024-12-22,CIN,CLE,24.0,6.0,1,18.0
2024,16,2024_16_TEN_IND,2024-12-22,IND,TEN,38.0,30.0,1,8.0
2024,16,2024_16_LA_NYJ,2024-12-22,NYJ,LA,9.0,19.0,0,-10.0
2024,16,2024_16_PHI_WAS,2024-12-22,WAS,PHI,36.0,33.0,1,3.0
2024,16,2024_16_MIN_SEA,2024-12-22,SEA,MIN,24.0,27.0,0,-3.0
2024,16,2024_16_NE_BUF,2024-12-22,BUF,NE,24.0,21.0,1,3.0
2024,16,2024_16_JAX_LV,2024-12-22,LV,JAX,19.0,14.0,1,5.0
2024,16,2024_16_SF_MIA,2024-12-22,MIA,SF,29.0,17.0,1,12.0
2024,16,2024_16_TB_DAL,2024-12-22,DAL,TB,26.0,24.0,1,2.0
2024,16,2024_16_NO_GB,2024-12-23,GB,NO,34.0,0.0,1,34.0
2024,17,2024_17_KC_PIT,2024-12-25,PIT,KC,10.0,29.0,0,-19.0
2024,17,2024_17_BAL_HOU,2024-12-25,HOU,BAL,2.0,31.0,0,-29.0
2024,17,2024_17_SEA_CHI,2024-12-26,CHI,SEA,3.0,6.0,0,-3.0
2024,17,2024_17_LAC_NE,2024-12-28,NE,LAC,7.0,40.0,0,-33.0
2024,17,2024_17_DEN_CIN,2024-12-28,CIN,DEN,30.0,24.0,1,6.0
2024,17,2024_17_ARI_LA,2024-12-28,LA,ARI,13.0,9.0,1,4.0
2024,17,2024_17_NYJ_BUF,2024-12-29,BUF,NYJ,40.0,14.0,1,26.0
2024,17,2024_17_TEN_JAX,2024-12-29,JAX,TEN,20.0,13.0,1,7.0
2024,17,2024_17_LV_NO,2024-12-29,NO,LV,10.0,25.0,0,-15.0
2024,17,2024_17_IND_NYG,2024-12-29,NYG,IND,45.0,33.0,1,12.0
2024,17,2024_17_DAL_PHI,2024-12-29,PHI,DAL,41.0,7.0,1,34.0
2024,17,2024_17_CAR_TB,2024-12-29,TB,CAR,48.0,14.0,1,34.0
2024,17,2024_17_MIA_CLE,2024-12-29,CLE,MIA,3.0,20.0,0,-17.0
2024,17,2024_17_GB_MIN,2024-12-29,MIN,GB,27.0,25.0,1,2.0
2024,17,2024_17_ATL_WAS,2024-12-29,WAS,ATL,30.0,24.0,1,6.0
2024,17,2024_17_DET_SF,2024-12-30,SF,DET,34.0,40.0,0,-6.0
2024,18,2024_18_CLE_BAL,2025-01-04,BAL,CLE,35.0,10.0,1,25.0
2024,18,2024_18_CIN_PIT,2025-01-04,PIT,CIN,17.0,19.0,0,-2.0
2024,18,2024_18_CAR_ATL,2025-01-05,ATL,CAR,38.0,44.0,0,-6.0
2024,18,2024_18_WAS_DAL,2025-01-05,DAL,WAS,19.0,23.0,0,-4.0
2024,18,2024_18_CHI_GB,2025-01-05,GB,CHI,22.0,24.0,0,-2.0
2024,18,2024_18_JAX_IND,2025-01-05,IND,JAX,26.0,23.0,1,3.0
2024,18,2024_18_BUF_NE,2025-01-05,NE,BUF,23.0,16.0,1,7.0
2024,18,2024_18_NYG_PHI,2025-01-05,PHI,NYG,20.0,13.0,1,7.0
2024,18,2024_18_NO_TB,2025-01-05,TB,NO,27.0,19.0,1,8.0
2024,18,2024_18_HOU_TEN,2025-01-05,TEN,HOU,14.0,23.0,0,-9.0
2024,18,2024_18_SF_ARI,2025-01-05,ARI,SF,47.0,24.0,1,23.0
2024,18,2024_18_KC_DEN,2025-01-05,DEN,KC,38.0,0.0,1,38.0
2024,18,2024_18_SEA_LA,2025-01-05,LA,SEA,25.0,30.0,0,-5.0
2024,18,2024_18_LAC_LV,2025-01-05,LV,LAC,20.0,34.0,0,-14.0
2024,18,2024_18_MIA_NYJ,2025-01-05,NYJ,MIA,32.0,20.0,1,12.0
2024,18,2024_18_MIN_DET,2025-01-05,DET,MIN,31.0,9.0,1,22.0
2024,19,2024_19_LAC_HOU,2025-01-11,HOU,LAC,32.0,12.0,1,20.0
2024,19,2024_19_PIT_BAL,2025-01-11,BAL,PIT,28.0,14.0,1,14.0
2024,19,2024_19_DEN_BUF,2025-01-12,BUF,DEN,31.0,7.0,1,24.0
2024,19,2024_19_GB_PHI,2025-01-12,PHI,GB,22.0,10.0,1,12.0
2024,19,2024_19_WAS_TB,2025-01-12,TB,WAS,20.0,23.0,0,-3.0
2024,19,2024_19_MIN_LA,2025-01-13,LA,MIN,27.0,9.0,1,18.0
2024,20,2024_20_HOU_KC,2025-01-18,KC,HOU,23.0,14.0,1,9.0
2024,20,2024_20_WAS_DET,2025-01-18,DET,WAS,31.0,45.0,0,-14.0
2024,20,2024_20_LA_PHI,2025-01-19,PHI,LA,28.0,22.0,1,6.0
2024,20,2024_20_BAL_BUF,2025-01-19,BUF,BAL,27.0,25.0,1,2.0
2024,21,2024_21_WAS_PHI,2025-01-26,PHI,WAS,55.0,23.0,1,32.0
2024,21,2024_21_BUF_KC,2025-01-26,KC,BUF,32.0,29.0,1,3.0
2024,22,2024_22_KC_PHI,2025-02-09,PHI,KC,40.0,22.0,1,18.0
2025,1,2025_01_DAL_PHI,2025-09-04,PHI,DAL,24.0,20.0,1,4.0
2025,1,2025_01_KC_LAC,2025-09-05,LAC,KC,27.0,21.0,1,6.0
2025,1,2025_01_TB_ATL,2025-09-07,ATL,TB,20.0,23.0,0,-3.0
2025,1,2025_01_CIN_CLE,2025-09-07,CLE,CIN,16.0,17.0,0,-1.0
2025,1,2025_01_MIA_IND,2025-09-07,IND,MIA,33.0,8.0,1,25.0
2025,1,2025_01_CAR_JAX,2025-09-07,JAX,CAR,26.0,10.0,1,16.0
2025,1,2025_01_LV_NE,2025-09-07,NE,LV,13.0,20.0,0,-7.0
2025,1,2025_01_ARI_NO,2025-09-07,NO,ARI,13.0,20.0,0,-7.0
2025,1,2025_01_PIT_NYJ,2025-09-07,NYJ,PIT,32.0,34.0,0,-2.0
2025,1,2025_01_NYG_WAS,2025-09-07,WAS,NYG,21.0,6.0,1,15.0
2025,1,2025_01_TEN_DEN,2025-09-07,DEN,TEN,20.0,12.0,1,8.0
2025,1,2025_01_SF_SEA,2025-09-07,SEA,SF,13.0,17.0,0,-4.0
2025,1,2025_01_DET_GB,2025-09-07,GB,DET,27.0,13.0,1,14.0
2025,1,2025_01_HOU_LA,2025-09-07,LA,HOU,14.0,9.0,1,5.0
2025,1,2025_01_BAL_BUF,2025-09-07,BUF,BAL,41.0,40.0,1,1.0
2025,1,2025_01_MIN_CHI,2025-09-08,CHI,MIN,24.0,27.0,0,-3.0
2025,2,2025_02_WAS_GB,2025-09-11,GB,WAS,27.0,18.0,1,9.0
2025,2,2025_02_CLE_BAL,2025-09-14,BAL,CLE,41.0,17.0,1,24.0
2025,2,2025_02_JAX_CIN,2025-09-14,CIN,JAX,31.0,27.0,1,4.0
2025,2,2025_02_NYG_DAL,2025-09-14,DAL,NYG,40.0,37.0,1,3.0
2025,2,2025_02_CHI_DET,2025-09-14,DET,CHI,52.0,21.0,1,31.0
2025,2,2025_02_NE_MIA,2025-09-14,MIA,NE,27.0,33.0,0,-6.0
2025,2,2025_02_SF_NO,2025-09-14,NO,SF,21.0,26.0,0,-5.0
2025,2,2025_02_BUF_NYJ,2025-09-14,NYJ,BUF,10.0,30.0,0,-20.0
2025,2,2025_02_SEA_PIT,2025-09-14,PIT,SEA,17.0,31.0,0,-14.0
2025,2,2025_02_LA_TEN,2025-09-14,TEN,LA,19.0,33.0,0,-14.0
2025,2,2025_02_CAR_ARI,2025-09-14,ARI,CAR,27.0,22.0,1,5.0
2025,2,2025_02_DEN_IND,2025-09-14,IND,DEN,29.0,28.0,1,1.0
2025,2,2025_02_PHI_KC,2025-09-14,KC,PHI,17.0,20.0,0,-3.0
2025,2,2025_02_ATL_MIN,2025-09-14,MIN,ATL,6.0,22.0,0,-16.0
2025,2,2025_02_TB_HOU,2025-09-15,HOU,TB,19.0,20.0,0,-1.0
2025,2,2025_02_LAC_LV,2025-09-15,LV,LAC,9.0,20.0,0,-11.0
2025,3,2025_03_MIA_BUF,2025-09-18,BUF,MIA,31.0,21.0,1,10.0
2025,3,2025_03_ATL_CAR,2025-09-21,CAR,ATL,30.0,0.0,1,30.0
2025,3,2025_03_GB_CLE,2025-09-21,CLE,GB,13.0,10.0,1,3.0
2025,3,2025_03_HOU_JAX,2025-09-21,JAX,HOU,17.0,10.0,1,7.0
2025,3,2025_03_CIN_MIN,2025-09-21,MIN,CIN,48.0,10.0,1,38.0
2025,3,2025_03_PIT_NE,2025-09-21,NE,PIT,14.0,21.0,0,-7.0
2025,3,2025_03_LA_PHI,2025-09-21,PHI,LA,33.0,26.0,1,7.0
2025,3,2025_03_NYJ_TB,2025-09-21,TB,NYJ,29.0,27.0,1,2.0
2025,3,2025_03_IND_TEN,2025-09-21,TEN,IND,20.0,41.0,0,-21.0
2025,3,2025_03_LV_WAS,2025-09-21,WAS,LV,41.0,24.0,1,17.0
2025,3,2025_03_DEN_LAC,2025-09-21,LAC,DEN,23.0,20.0,1,3.0
2025,3,2025_03_NO_SEA,2025-09-21,SEA,NO,44.0,13.0,1,31.0
2025,3,2025_03_DAL_CHI,2025-09-21,CHI,DAL,31.0,14.0,1,17.0
2025,3,2025_03_ARI_SF,2025-09-21,SF,ARI,16.0,15.0,1,1.0
2025,3,2025_03_KC_NYG,2025-09-21,NYG,KC,9.0,22.0,0,-13.0
2025,3,2025_03_DET_BAL,2025-09-22,BAL,DET,30.0,38.0,0,-8.0
2025,4,2025_04_SEA_ARI,2025-09-25,ARI,SEA,20.0,23.0,0,-3.0
2025,4,2025_04_MIN_PIT,2025-09-28,PIT,MIN,24.0,21.0,1,3.0
2025,4,2025_04_WAS_ATL,2025-09-28,ATL,WAS,34.0,27.0,1,7.0
2025,4,2025_04_NO_BUF,2025-09-28,BUF,NO,31.0,19.0,1,12.0
2025,4,2025_04_CLE_DET,2025-09-28,DET,CLE,34.0,10.0,1,24.0
2025,4,2025_04_TEN_HOU,2025-09-28,HOU,TEN,26.0,0.0,1,26.0
2025,4,2025_04_CAR_NE,2025-09-28,NE,CAR,42.0,13.0,1,29.0
2025,4,2025_04_LAC_NYG,2025-09-28,NYG,LAC,21.0,18.0,1,3.0
2025,4,2025_04_PHI_TB,2025-09-28,TB,PHI,25.0,31.0,0,-6.0
2025,4,2025_04_IND_LA,2025-09-28,LA,IND,27.0,20.0,1,7.0
2025,4,2025_04_JAX_SF,2025-09-28,SF,JAX,21.0,26.0,0,-5.0
2025,4,2025_04_BAL_KC,2025-09-28,KC,BAL,37.0,20.0,1,17.0
2025,4,2025_04_CHI_LV,2025-09-28,LV,CHI,24.0,25.0,0,-1.0
2025,4,2025_04_GB_DAL,2025-09-28,DAL,GB,40.0,40.0,0,0.0
2025,4,2025_04_NYJ_MIA,2025-09-29,MIA,NYJ,27.0,21.0,1,6.0
2025,4,2025_04_CIN_DEN,2025-09-29,DEN,CIN,28.0,3.0,1,25.0
2025,5,2025_05_SF_LA,2025-10-02,LA,SF,23.0,26.0,0,-3.0
2025,5,2025_05_MIN_CLE,2025-10-05,CLE,MIN,17.0,21.0,0,-4.0
2025,5,2025_05_HOU_BAL,2025-10-05,BAL,HOU,10.0,44.0,0,-34.0
2025,5,2025_05_MIA_CAR,2025-10-05,CAR,MIA,27.0,24.0,1,3.0
2025,5,2025_05_LV_IND,2025-10-05,IND,LV,40.0,6.0,1,34.0
2025,5,2025_05_NYG_NO,2025-10-05,NO,NYG,26.0,14.0,1,12.0
2025,5,2025_05_DAL_NYJ,2025-10-05,NYJ,DAL,22.0,37.0,0,-15.0
2025,5,2025_05_DEN_PHI,2025-10-05,PHI,DEN,17.0,21.0,0,-4.0
2025,5,2025_05_TEN_ARI,2025-10-05,ARI,TEN,21.0,22.0,0,-1.0
2025,5,2025_05_TB_SEA,2025-10-05,SEA,TB,35.0,38.0,0,-3.0
2025,5,2025_05_DET_CIN,2025-10-05,CIN,DET,24.0,37.0,0,-13.0
2025,5,2025_05_WAS_LAC,2025-10-05,LAC,WAS,10.0,27.0,0,-17.0
2025,5,2025_05_NE_BUF,2025-10-05,BUF,NE,20.0,23.0,0,-3.0
2025,5,2025_05_KC_JAX,2025-10-06,JAX,KC,31.0,28.0,1,3.0
2025,6,2025_06_PHI_NYG,2025-10-09,NYG,PHI,34.0,17.0,1,17.0
2025,6,2025_06_DEN_NYJ,2025-10-12,NYJ,DEN,11.0,13.0,0,-2.0
2025,6,2025_06_LA_BAL,2025-10-12,BAL,LA,3.0,17.0,0,-14.0
2025,6,2025_06_DAL_CAR,2025-10-12,CAR,DAL,30.0,27.0,1,3.0
2025,6,2025_06_ARI_IND,2025-10-12,IND,ARI,31.0,27.0,1,4.0
2025,6,2025_06_SEA_JAX,2025-10-12,JAX,SEA,12.0,20.0,0,-8.0
2025,6,2025_06_LAC_MIA,2025-10-12,MIA,LAC,27.0,29.0,0,-2.0
2025,6,2025_06_NE_NO,2025-10-12,NO,NE,19.0,25.0,0,-6.0
2025,6,2025_06_CLE_PIT,2025-10-12,PIT,CLE,23.0,9.0,1,14.0
2025,6,2025_06_TEN_LV,2025-10-12,LV,TEN,20.0,10.0,1,10.0
2025,6,2025_06_CIN_GB,2025-10-12,GB,CIN,27.0,18.0,1,9.0
2025,6,2025_06_SF_TB,2025-10-12,TB,SF,30.0,19.0,1,11.0
2025,6,2025_06_DET_KC,2025-10-12,KC,DET,30.0,17.0,1,13.0
2025,6,2025_06_BUF_ATL,2025-10-13,ATL,BUF,24.0,14.0,1,10.0
2025,6,2025_06_CHI_WAS,2025-10-13,WAS,CHI,24.0,25.0,0,-1.0
2025,7,2025_07_PIT_CIN,2025-10-16,CIN,PIT,33.0,31.0,1,2.0
2025,7,2025_07_LA_JAX,2025-10-19,JAX,LA,7.0,35.0,0,-28.0
2025,7,2025_07_NO_CHI,2025-10-19,CHI,NO,26.0,14.0,1,12.0
2025,7,2025_07_MIA_CLE,2025-10-19,CLE,MIA,31.0,6.0,1,25.0
2025,7,2025_07_LV_KC,2025-10-19,KC,LV,31.0,0.0,1,31.0
2025,7,2025_07_PHI_MIN,2025-10-19,MIN,PHI,22.0,28.0,0,-6.0
2025,7,2025_07_CAR_NYJ,2025-10-19,NYJ,CAR,6.0,13.0,0,-7.0
2025,7,2025_07_NE_TEN,2025-10-19,TEN,NE,13.0,31.0,0,-18.0
2025,7,2025_07_NYG_DEN,2025-10-19,DEN,NYG,33.0,32.0,1,1.0
2025,7,2025_07_IND_LAC,2025-10-19,LAC,IND,24.0,38.0,0,-14.0
2025,7,2025_07_GB_ARI,2025-10-19,ARI,GB,23.0,27.0,0,-4.0
2025,7,2025_07_WAS_DAL,2025-10-19,DAL,WAS,44.0,22.0,1,22.0
2025,7,2025_07_ATL_SF,2025-10-19,SF,ATL,20.0,10.0,1,10.0
2025,7,2025_07_TB_DET,2025-10-20,DET,TB,24.0,9.0,1,15.0
2025,7,2025_07_HOU_SEA,2025-10-20,SEA,HOU,27.0,19.0,1,8.0
2025,8,2025_08_MIN_LAC,2025-10-23,LAC,MIN,37.0,10.0,1,27.0
2025,8,2025_08_MIA_ATL,2025-10-26,ATL,MIA,10.0,34.0,0,-24.0
2025,8,2025_08_CHI_BAL,2025-10-26,BAL,CHI,30.0,16.0,1,14.0
2025,8,2025_08_BUF_CAR,2025-10-26,CAR,BUF,9.0,40.0,0,-31.0
2025,8,2025_08_NYJ_CIN,2025-10-26,CIN,NYJ,38.0,39.0,0,-1.0
2025,8,2025_08_SF_HOU,2025-10-26,HOU,SF,26.0,15.0,1,11.0
2025,8,2025_08_CLE_NE,2025-10-26,NE,CLE,32.0,13.0,1,19.0
2025,8,2025_08_NYG_PHI,2025-10-26,PHI,NYG,38.0,20.0,1,18.0
2025,8,2025_08_TB_NO,2025-10-26,NO,TB,3.0,23.0,0,-20.0
2025,8,2025_08_DAL_DEN,2025-10-26,DEN,DAL,44.0,24.0,1,20.0
2025,8,2025_08_TEN_IND,2025-10-26,IND,TEN,38.0,14.0,1,24.0
2025,8,2025_08_GB_PIT,2025-10-26,PIT,GB,25.0,35.0,0,-10.0
2025,8,2025_08_WAS_KC,2025-10-27,KC,WAS,28.0,7.0,1,21.0
2025,9,2025_09_BAL_MIA,2025-10-30,MIA,BAL,6.0,28.0,0,-22.0
2025,9,2025_09_CHI_CIN,2025-11-02,CIN,CHI,42.0,47.0,0,-5.0
2025,9,2025_09_MIN_DET,2025-11-02,DET,MIN,24.0,27.0,0,-3.0
2025,9,2025_09_CAR_GB,2025-11-02,GB,CAR,13.0,16.0,0,-3.0
2025,9,2025_09_DEN_HOU,2025-11-02,HOU,DEN,15.0,18.0,0,-3.0
2025,9,2025_09_ATL_NE,2025-11-02,NE,ATL,24.0,23.0,1,1.0
2025,9,2025_09_SF_NYG,2025-11-02,NYG,SF,24.0,34.0,0,-10.0
2025,9,2025_09_IND_PIT,2025-11-02,PIT,IND,27.0,20.0,1,7.0
2025,9,2025_09_LAC_TEN,2025-11-02,TEN,LAC,20.0,27.0,0,-7.0
2025,9,2025_09_NO_LA,2025-11-02,LA,NO,34.0,10.0,1,24.0
2025,9,2025_09_JAX_LV,2025-11-02,LV,JAX,29.0,30.0,0,-1.0
2025,9,2025_09_KC_BUF,2025-11-02,BUF,KC,28.0,21.0,1,7.0
2025,9,2025_09_SEA_WAS,2025-11-02,WAS,SEA,14.0,38.0,0,-24.0
2025,9,2025_09_ARI_DAL,2025-11-03,DAL,ARI,17.0,27.0,0,-10.0
2025,10,2025_10_LV_DEN,2025-11-06,DEN,LV,10.0,7.0,1,3.0
2025,10,2025_10_ATL_IND,2025-11-09,IND,ATL,31.0,25.0,1,6.0
2025,10,2025_10_NO_CAR,2025-11-09,CAR,NO,7.0,17.0,0,-10.0
2025,10,2025_10_NYG_CHI,2025-11-09,CHI,NYG,24.0,20.0,1,4.0
2025,10,2025_10_JAX_HOU,2025-11-09,HOU,JAX,36.0,29.0,1,7.0
2025,10,2025_10_BUF_MIA,2025-11-09,MIA,BUF,30.0,13.0,1,17.0
2025,10,2025_10_BAL_MIN,2025-11-09,MIN,BAL,19.0,27.0,0,-8.0
2025,10,2025_10_CLE_NYJ,2025-11-09,NYJ,CLE,27.0,20.0,1,7.0
2025,10,2025_10_NE_TB,2025-11-09,TB,NE,23.0,28.0,0,-5.0
2025,10,2025_10_ARI_SEA,2025-11-09,SEA,ARI,44.0,22.0,1,22.0
2025,10,2025_10_LA_SF,2025-11-09,SF,LA,26.0,42.0,0,-16.0
2025,10,2025_10_DET_WAS,2025-11-09,WAS,DET,22.0,44.0,0,-22.0
2025,10,2025_10_PIT_LAC,2025-11-09,LAC,PIT,25.0,10.0,1,15.0
2025,10,2025_10_PHI_GB,2025-11-10,GB,PHI,7.0,10.0,0,-3.0
2025,11,2025_11_NYJ_NE,2025-11-13,NE,NYJ,27.0,14.0,1,13.0
2025,11,2025_11_WAS_MIA,2025-11-16,MIA,WAS,16.0,13.0,1,3.0
2025,11,2025_11_CAR_ATL,2025-11-16,ATL,CAR,27.0,30.0,0,-3.0
2025,11,2025_11_TB_BUF,2025-11-16,BUF,TB,44.0,32.0,1,12.0
2025,11,2025_11_LAC_JAX,2025-11-16,JAX,LAC,35.0,6.0,1,29.0
2025,11,2025_11_CHI_MIN,2025-11-16,MIN,CHI,17.0,19.0,0,-2.0
2025,11,2025_11_GB_NYG,2025-11-16,NYG,GB,20.0,27.0,0,-7.0
2025,11,2025_11_CIN_PIT,2025-11-16,PIT,CIN,34.0,12.0,1,22.0
2025,11,2025_11_HOU_TEN,2025-11-16,TEN,HOU,13.0,16.0,0,-3.0
2025,11,2025_11_SF_ARI,2025-11-16,ARI,SF,22.0,41.0,0,-19.0
2025,11,2025_11_SEA_LA,2025-11-16,LA,SEA,21.0,19.0,1,2.0
2025,11,2025_11_BAL_CLE,2025-11-16,CLE,BAL,16.0,23.0,0,-7.0
2025,11,2025_11_KC_DEN,2025-11-16,DEN,KC,22.0,19.0,1,3.0
2025,11,2025_11_DET_PHI,2025-11-16,PHI,DET,16.0,9.0,1,7.0
2025,11,2025_11_DAL_LV,2025-11-17,LV,DAL,16.0,33.0,0,-17.0
2025,12,2025_12_BUF_HOU,2025-11-20,HOU,BUF,23.0,19.0,1,4.0
2025,12,2025_12_NYJ_BAL,2025-11-23,BAL,NYJ,23.0,10.0,1,13.0
2025,12,2025_12_PIT_CHI,2025-11-23,CHI,PIT,31.0,28.0,1,3.0
2025,12,2025_12_NE_CIN,2025-11-23,CIN,NE,20.0,26.0,0,-6.0
2025,12,2025_12_NYG_DET,2025-11-23,DET,NYG,34.0,27.0,1,7.0
2025,12,2025_12_MIN_GB,2025-11-23,GB,MIN,23.0,6.0,1,17.0
2025,12,2025_12_IND_KC,2025-11-23,KC,IND,23.0,20.0,1,3.0
2025,12,2025_12_SEA_TEN,2025-11-23,TEN,SEA,24.0,30.0,0,-6.0
2025,12,2025_12_JAX_ARI,2025-11-23,ARI,JAX,24.0,27.0,0,-3.0
2025,12,2025_12_CLE_LV,2025-11-23,LV,CLE,10.0,24.0,0,-14.0
2025,12,2025_12_PHI_DAL,2025-11-23,DAL,PHI,24.0,21.0,1,3.0
2025,12,2025_12_ATL_NO,2025-11-23,NO,ATL,10.0,24.0,0,-14.0
2025,12,2025_12_TB_LA,2025-11-23,LA,TB,34.0,7.0,1,27.0
2025,12,2025_12_CAR_SF,2025-11-24,SF,CAR,20.0,9.0,1,11.0
2025,13,2025_13_GB_DET,2025-11-27,DET,GB,24.0,31.0,0,-7.0
2025,13,2025_13_KC_DAL,2025-11-27,DAL,KC,31.0,28.0,1,3.0
2025,13,2025_13_CIN_BAL,2025-11-27,BAL,CIN,14.0,32.0,0,-18.0
2025,13,2025_13_CHI_PHI,2025-11-28,PHI,CHI,15.0,24.0,0,-9.0
2025,13,2025_13_LA_CAR,2025-11-30,CAR,LA,31.0,28.0,1,3.0
2025,13,2025_13_SF_CLE,2025-11-30,CLE,SF,8.0,26.0,0,-18.0
2025,13,2025_13_HOU_IND,2025-11-30,IND,HOU,16.0,20.0,0,-4.0
2025,13,2025_13_NO_MIA,2025-11-30,MIA,NO,21.0,17.0,1,4.0
2025,13,2025_13_ATL_NYJ,2025-11-30,NYJ,ATL,27.0,24.0,1,3.0
2025,13,2025_13_ARI_TB,2025-11-30,TB,ARI,20.0,17.0,1,3.0
2025,13,2025_13_JAX_TEN,2025-11-30,TEN,JAX,3.0,25.0,0,-22.0
2025,13,2025_13_MIN_SEA,2025-11-30,SEA,MIN,26.0,0.0,1,26.0
2025,13,2025_13_LV_LAC,2025-11-30,LAC,LV,31.0,14.0,1,17.0
2025,13,2025_13_BUF_PIT,2025-11-30,PIT,BUF,7.0,26.0,0,-19.0
2025,13,2025_13_DEN_WAS,2025-11-30,WAS,DEN,26.0,27.0,0,-1.0
2025,13,2025_13_NYG_NE,2025-12-01,NE,NYG,33.0,15.0,1,18.0
2025,14,2025_14_DAL_DET,2025-12-04,DET,DAL,44.0,30.0,1,14.0
2025,14,2025_14_SEA_ATL,2025-12-07,ATL,SEA,9.0,37.0,0,-28.0
2025,14,2025_14_PIT_BAL,2025-12-07,BAL,PIT,22.0,27.0,0,-5.0
2025,14,2025_14_CIN_BUF,2025-12-07,BUF,CIN,39.0,34.0,1,5.0
2025,14,2025_14_TEN_CLE,2025-12-07,CLE,TEN,29.0,31.0,0,-2.0
2025,14,2025_14_IND_JAX,2025-12-07,JAX,IND,36.0,19.0,1,17.0
2025,14,2025_14_WAS_MIN,2025-12-07,MIN,WAS,31.0,0.0,1,31.0
2025,14,2025_14_MIA_NYJ,2025-12-07,NYJ,MIA,10.0,34.0,0,-24.0
2025,14,2025_14_NO_TB,2025-12-07,TB,NO,20.0,24.0,0,-4.0
2025,14,2025_14_DEN_LV,2025-12-07,LV,DEN,17.0,24.0,0,-7.0
2025,14,2025_14_LA_ARI,2025-12-07,ARI,LA,17.0,45.0,0,-28.0
2025,14,2025_14_CHI_GB,2025-12-07,GB,CHI,28.0,21.0,1,7.0
2025,14,2025_14_HOU_KC,2025-12-07,KC,HOU,10.0,20.0,0,-10.0
2025,14,2025_14_PHI_LAC,2025-12-08,LAC,PHI,22.0,19.0,1,3.0
2025,15,2025_15_ATL_TB,2025-12-11,TB,ATL,28.0,29.0,0,-1.0
2025,15,2025_15_CLE_CHI,2025-12-14,CHI,CLE,31.0,3.0,1,28.0
2025,15,2025_15_BAL_CIN,2025-12-14,CIN,BAL,0.0,24.0,0,-24.0
2025,15,2025_15_ARI_HOU,2025-12-14,HOU,ARI,40.0,20.0,1,20.0
2025,15,2025_15_NYJ_JAX,2025-12-14,JAX,NYJ,48.0,20.0,1,28.0
2025,15,2025_15_LAC_KC,2025-12-14,KC,LAC,13.0,16.0,0,-3.0
2025,15,2025_15_BUF_NE,2025-12-14,NE,BUF,31.0,35.0,0,-4.0
2025,15,2025_15_WAS_NYG,2025-12-14,NYG,WAS,21.0,29.0,0,-8.0
2025,15,2025_15_LV_PHI,2025-12-14,PHI,LV,31.0,0.0,1,31.0
2025,15,2025_15_GB_DEN,2025-12-14,DEN,GB,34.0,26.0,1,8.0
2025,15,2025_15_DET_LA,2025-12-14,LA,DET,41.0,34.0,1,7.0
2025,15,2025_15_CAR_NO,2025-12-14,NO,CAR,20.0,17.0,1,3.0
2025,15,2025_15_IND_SEA,2025-12-14,SEA,IND,18.0,16.0,1,2.0
2025,15,2025_15_TEN_SF,2025-12-14,SF,TEN,37.0,24.0,1,13.0
2025,15,2025_15_MIN_DAL,2025-12-14,DAL,MIN,26.0,34.0,0,-8.0
2025,15,2025_15_MIA_PIT,2025-12-15,PIT,MIA,28.0,15.0,1,13.0
2025,16,2025_16_LA_SEA,2025-12-18,SEA,LA,38.0,37.0,1,1.0
2025,16,2025_16_PHI_WAS,2025-12-20,WAS,PHI,18.0,29.0,0,-11.0
2025,16,2025_16_GB_CHI,2025-12-20,CHI,GB,22.0,16.0,1,6.0
2025,16,2025_16_TB_CAR,2025-12-21,CAR,TB,23.0,20.0,1,3.0
2025,16,2025_16_BUF_CLE,2025-12-21,CLE,BUF,20.0,23.0,0,-3.0
2025,16,2025_16_LAC_DAL,2025-12-21,DAL,LAC,17.0,34.0,0,-17.0
2025,16,2025_16_CIN_MIA,2025-12-21,MIA,CIN,21.0,45.0,0,-24.0
2025,16,2025_16_NYJ_NO,2025-12-21,NO,NYJ,29.0,6.0,1,23.0
2025,16,2025_16_MIN_NYG,2025-12-21,NYG,MIN,13.0,16.0,0,-3.0
2025,16,2025_16_KC_TEN,2025-12-21,TEN,KC,26.0,9.0,1,17.0
2025,16,2025_16_ATL_ARI,2025-12-21,ARI,ATL,19.0,26.0,0,-7.0
2025,16,2025_16_JAX_DEN,2025-12-21,DEN,JAX,20.0,34.0,0,-14.0
2025,16,2025_16_PIT_DET,2025-12-21,DET,PIT,24.0,29.0,0,-5.0
2025,16,2025_16_LV_HOU,2025-12-21,HOU,LV,23.0,21.0,1,2.0
2025,16,2025_16_NE_BAL,2025-12-21,BAL,NE,24.0,28.0,0,-4.0
2025,16,2025_16_SF_IND,2025-12-22,IND,SF,27.0,48.0,0,-21.0
2025,17,2025_17_DAL_WAS,2025-12-25,WAS,DAL,23.0,30.0,0,-7.0
2025,17,2025_17_DET_MIN,2025-12-25,MIN,DET,23.0,10.0,1,13.0
2025,17,2025_17_DEN_KC,2025-12-25,KC,DEN,13.0,20.0,0,-7.0
2025,17,2025_17_HOU_LAC,2025-12-27,LAC,HOU,16.0,20.0,0,-4.0
2025,17,2025_17_BAL_GB,2025-12-27,GB,BAL,24.0,41.0,0,-17.0
2025,17,2025_17_SEA_CAR,2025-12-28,CAR,SEA,10.0,27.0,0,-17.0
2025,17,2025_17_ARI_CIN,2025-12-28,CIN,ARI,37.0,14.0,1,23.0
2025,17,2025_17_PIT_CLE,2025-12-28,CLE,PIT,13.0,6.0,1,7.0
2025,17,2025_17_JAX_IND,2025-12-28,IND,JAX,17.0,23.0,0,-6.0
2025,17,2025_17_TB_MIA,2025-12-28,MIA,TB,20.0,17.0,1,3.0
2025,17,2025_17_NE_NYJ,2025-12-28,NYJ,NE,10.0,42.0,0,-32.0
2025,17,2025_17_NO_TEN,2025-12-28,TEN,NO,26.0,34.0,0,-8.0
2025,17,2025_17_NYG_LV,2025-12-28,LV,NYG,10.0,34.0,0,-24.0
2025,17,2025_17_PHI_BUF,2025-12-28,BUF,PHI,12.0,13.0,0,-1.0
2025,17,2025_17_CHI_SF,2025-12-28,SF,CHI,42.0,38.0,1,4.0
2025,17,2025_17_LA_ATL,2025-12-29,ATL,LA,27.0,24.0,1,3.0
2025,18,2025_18_CAR_TB,2026-01-03,TB,CAR,16.0,14.0,1,2.0
2025,18,2025_18_SEA_SF,2026-01-03,SF,SEA,3.0,13.0,0,-10.0
2025,18,2025_18_NO_ATL,2026-01-04,ATL,NO,19.0,17.0,1,2.0
2025,18,2025_18_CLE_CIN,2026-01-04,CIN,CLE,18.0,20.0,0,-2.0
2025,18,2025_18_IND_HOU,2026-01-04,HOU,IND,38.0,30.0,1,8.0
2025,18,2025_18_TEN_JAX,2026-01-04,JAX,TEN,41.0,7.0,1,34.0
2025,18,2025_18_GB_MIN,2026-01-04,MIN,GB,16.0,3.0,1,13.0
2025,18,2025_18_DAL_NYG,2026-01-04,NYG,DAL,34.0,17.0,1,17.0
2025,18,2025_18_NYJ_BUF,2026-01-04,BUF,NYJ,35.0,8.0,1,27.0
2025,18,2025_18_DET_CHI,2026-01-04,CHI,DET,16.0,19.0,0,-3.0
2025,18,2025_18_LAC_DEN,2026-01-04,DEN,LAC,19.0,3.0,1,16.0
2025,18,2025_18_ARI_LA,2026-01-04,LA,ARI,37.0,20.0,1,17.0
2025,18,2025_18_KC_LV,2026-01-04,LV,KC,14.0,12.0,1,2.0
2025,18,2025_18_MIA_NE,2026-01-04,NE,MIA,38.0,10.0,1,28.0
2025,18,2025_18_WAS_PHI,2026-01-04,PHI,WAS,17.0,24.0,0,-7.0
2025,18,2025_18_BAL_PIT,2026-01-04,PIT,BAL,26.0,24.0,1,2.0
2025,19,2025_19_LA_CAR,2026-01-10,CAR,LA,31.0,34.0,0,-3.0
2025,19,2025_19_GB_CHI,2026-01-10,CHI,GB,31.0,27.0,1,4.0
2025,19,2025_19_BUF_JAX,2026-01-11,JAX,BUF,24.0,27.0,0,-3.0
2025,19,2025_19_SF_PHI,2026-01-11,PHI,SF,19.0,23.0,0,-4.0
2025,19,2025_19_LAC_NE,2026-01-11,NE,LAC,16.0,3.0,1,13.0
2025,19,2025_19_HOU_PIT,2026-01-12,PIT,HOU,6.0,30.0,0,-24.0
2025,20,2025_20_BUF_DEN,2026-01-17,DEN,BUF,33.0,30.0,1,3.0
2025,20,2025_20_SF_SEA,2026-01-17,SEA,SF,41.0,6.0,1,35.0
2025,20,2025_20_HOU_NE,2026-01-18,NE,HOU,28.0,16.0,1,12.0
2025,20,2025_20_LA_CHI,2026-01-18,CHI,LA,17.0,20.0,0,-3.0
2025,21,2025_21_NE_DEN,2026-01-25,DEN,NE,7.0,10.0,0,-3.0
2025,21,2025_21_LA_SEA,2026-01-25,SEA,LA,31.0,27.0,1,4.0
2025,22,2025_22_SEA_NE,2026-02-08,NE,SEA,13.0,29.0,0,-16.0
