season,week,game_id,gameday,home_team,away_team,home_score,away_score,home_team_won,home_elo_before,away_elo_before,elo_diff,home_elo_with_hfa_diff,elo_home_win_prob,home_strength_of_schedule_before,away_strength_of_schedule_before,strength_of_schedule_diff,current_opponent_win_pct_diff,predicted_home_win,home_win_probability,predicted_winner,actual_winner,correct_prediction
2025,1,2025_01_DAL_PHI,2025-09-04,PHI,DAL,24.0,20.0,1,1663.8592203490969,1529.2707665222401,134.58845382685672,189.58845382685672,0.7486375191175937,0.0,0.0,0.0,0.0,1,0.6810562516595551,PHI,PHI,True
2025,1,2025_01_KC_LAC,2025-09-05,LAC,KC,27.0,21.0,1,1502.5607921077988,1743.050537491896,-240.4897453840972,-185.4897453840972,0.2558283885045514,0.0,0.0,0.0,0.0,0,0.30160888431202937,KC,LAC,False
2025,1,2025_01_TB_ATL,2025-09-07,ATL,TB,20.0,23.0,0,1428.5062243160112,1529.4744358990429,-100.96821158303169,-45.96821158303169,0.4342297520395133,0.0,0.0,0.0,0.0,0,0.43848129427142696,TB,TB,True
2025,1,2025_01_CIN_CLE,2025-09-07,CLE,CIN,16.0,17.0,0,1437.5890645039913,1568.4211930996157,-130.83212859562445,-75.83212859562445,0.3925693453788984,0.0,0.0,0.0,0.0,0,0.4071712117133608,CIN,CIN,True
2025,1,2025_01_MIA_IND,2025-09-07,IND,MIA,33.0,8.0,1,1463.378338980877,1514.4519491493297,-51.07361016845266,3.92638983154734,0.5056502886465044,0.0,0.0,0.0,0.0,0,0.49197983802120193,MIA,IND,False
2025,1,2025_01_CAR_JAX,2025-09-07,JAX,CAR,26.0,10.0,1,1384.819882383555,1334.5079616383757,50.31192074517935,105.31192074517935,0.6470789985962128,0.0,0.0,0.0,0.0,1,0.5995598407314492,JAX,JAX,True
2025,1,2025_01_LV_NE,2025-09-07,NE,LV,13.0,20.0,0,1394.4750831404897,1420.1683536724925,-25.69327053200277,29.30672946799723,0.5420760284128502,0.0,0.0,0.0,0.0,1,0.5193528107787809,NE,LV,False
2025,1,2025_01_ARI_NO,2025-09-07,NO,ARI,13.0,20.0,0,1444.7227133286858,1419.7961289231814,24.9265844055044,79.9265844055044,0.6130365712635746,0.0,0.0,0.0,0.0,1,0.573256537107911,NO,ARI,False
2025,1,2025_01_PIT_NYJ,2025-09-07,NYJ,PIT,32.0,34.0,0,1383.0176048205335,1555.0337012591601,-172.01609643862662,-117.01609643862662,0.3376914786221991,0.0,0.0,0.0,0.0,0,0.36551439460772406,PIT,PIT,True
2025,1,2025_01_NYG_WAS,2025-09-07,WAS,NYG,21.0,6.0,1,1509.3071320905087,1365.1573257129123,144.1498063775964,199.1498063775964,0.7588524623404002,0.0,0.0,0.0,0.0,1,0.6896146580102067,WAS,WAS,True
2025,1,2025_01_TEN_DEN,2025-09-07,DEN,TEN,20.0,12.0,1,1485.1996104359603,1378.2192081421742,106.98040229378603,161.98040229378603,0.7175688605481348,0.0,0.0,0.0,0.0,1,0.6555047088277389,DEN,DEN,True
2025,1,2025_01_SF_SEA,2025-09-07,SEA,SF,13.0,17.0,0,1544.879549818484,1551.8333014789264,-6.953751660442322,48.04624833955768,0.5687066930355087,0.0,0.0,0.0,0.0,1,0.5394689537048227,SEA,SF,False
2025,1,2025_01_DET_GB,2025-09-07,GB,DET,27.0,13.0,1,1571.8727173387838,1610.8452886930172,-38.97257135423342,16.027428645766577,0.5230489765541644,0.0,0.0,0.0,0.0,1,0.5050385404607833,GB,GB,True
2025,1,2025_01_HOU_LA,2025-09-07,LA,HOU,14.0,9.0,1,1567.627176747709,1491.171071206451,76.45610554125801,131.456105541258,0.6806416593108826,0.0,0.0,0.0,0.0,1,0.6259036052925253,LA,LA,True
2025,1,2025_01_BAL_BUF,2025-09-07,BUF,BAL,41.0,40.0,1,1668.6739982322408,1634.9287716161184,33.74522661612241,88.74522661612241,0.6250077263593322,0.0,0.0,0.0,0.0,1,0.5824650340606408,BUF,BUF,True
2025,1,2025_01_MIN_CHI,2025-09-08,CHI,MIN,24.0,27.0,0,1380.8368502865715,1580.9583878229305,-200.12153753635903,-145.12153753635903,0.30250728222792633,0.0,0.0,0.0,0.0,0,0.3383874578013919,MIN,MIN,True
2025,2,2025_02_WAS_GB,2025-09-11,GB,WAS,27.0,18.0,1,1581.4117378077005,1514.1300828437006,67.28165496399993,122.28165496399993,0.6690540521183086,0.0,0.0,0.0,0.0,1,0.6664990671778935,GB,GB,True
2025,2,2025_02_CLE_BAL,2025-09-14,BAL,CLE,41.0,17.0,1,1627.428926143305,1429.7376775964133,197.69124854689176,252.69124854689176,0.8107065592293606,0.0,0.0,0.0,0.0,1,0.8712979992514247,BAL,BAL,True
2025,2,2025_02_JAX_CIN,2025-09-14,CIN,JAX,31.0,27.0,1,1576.2725800071937,1391.8783024116308,184.39427759556293,239.39427759556293,0.7986799283419657,0.0,0.0,0.0,0.0,1,0.6280327936845679,CIN,CIN,True
2025,2,2025_02_NYG_DAL,2025-09-14,DAL,NYG,40.0,37.0,1,1524.243516904592,1360.3343749597204,163.90914194487164,218.90914194487164,0.7790506059558351,0.0,0.0,0.0,0.0,1,0.8143400271914475,DAL,DAL,True
2025,2,2025_02_CHI_DET,2025-09-14,DET,CHI,52.0,21.0,1,1601.3062682241004,1374.7867046420129,226.51956358208759,281.5195635820876,0.8348719155286619,0.0,0.0,0.0,0.0,1,0.6565828553509377,DET,DET,True
2025,2,2025_02_NE_MIA,2025-09-14,MIA,NE,27.0,33.0,0,1504.5649549222599,1383.6335625722327,120.93139235002718,175.93139235002718,0.7335565184890844,0.0,0.0,0.0,0.0,1,0.5962001394643671,MIA,NE,False
2025,2,2025_02_SF_NO,2025-09-14,NO,SF,21.0,26.0,0,1432.4619819034144,1563.2074353396365,-130.74545343622208,-75.74545343622208,0.39268832886959776,0.0,0.0,0.0,1.0,0,0.35877787528297506,SF,SF,True
2025,2,2025_02_BUF_NYJ,2025-09-14,NYJ,BUF,10.0,30.0,0,1376.2637752480896,1676.1738437050542,-299.9100684569646,-244.9100684569646,0.1962631297991981,0.0,0.0,0.0,1.0,0,0.19460845211418035,BUF,BUF,True
2025,2,2025_02_SEA_PIT,2025-09-14,PIT,SEA,17.0,31.0,0,1561.787530831604,1533.505415957774,28.282114873830096,83.2821148738301,0.6176086374218613,0.0,0.0,0.0,-1.0,1,0.7527704737343539,PIT,SEA,False
2025,2,2025_02_LA_TEN,2025-09-14,TEN,LA,19.0,33.0,0,1372.570585353137,1574.0143435614914,-201.44375820835444,-146.44375820835444,0.3009037388008422,0.0,0.0,0.0,1.0,0,0.30557691442005946,LA,LA,True
2025,2,2025_02_CAR_ARI,2025-09-14,ARI,CAR,27.0,22.0,1,1432.0568603484528,1327.4495416103,104.6073187381528,159.6073187381528,0.7147921487200378,0.0,0.0,0.0,-1.0,1,0.7588070013184445,ARI,ARI,True
2025,2,2025_02_DEN_IND,2025-09-14,IND,DEN,29.0,28.0,1,1473.265333207947,1490.8482332249976,-17.582900017050633,37.41709998294937,0.553640318021879,0.0,0.0,0.0,0.0,1,0.6716380189412456,IND,IND,True
2025,2,2025_02_PHI_KC,2025-09-14,KC,PHI,17.0,20.0,0,1728.167105261987,1668.886469966745,59.280635295242064,114.28063529524206,0.6587777541423266,0.0,0.0,0.0,1.0,1,0.5697148217600613,KC,PHI,False
2025,2,2025_02_ATL_MIN,2025-09-14,MIN,ATL,6.0,22.0,0,1587.008533467489,1419.8216292752209,167.18690419226823,222.18690419226823,0.782281317316697,0.0,0.0,0.0,-1.0,1,0.7641638168376934,MIN,ATL,False
2025,2,2025_02_TB_HOU,2025-09-15,HOU,TB,19.0,20.0,0,1484.7839043926685,1538.1590309398332,-53.375126547164655,1.6248734528353452,0.5023383638207782,0.0,0.0,0.0,1.0,0,0.3545567724991009,TB,TB,True
2025,2,2025_02_LAC_LV,2025-09-15,LV,LAC,9.0,20.0,0,1431.0098742407495,1517.4442243377077,-86.43435009695827,-31.43435009695827,0.45488536623709486,0.0,0.0,0.0,0.0,0,0.3920855895009437,LAC,LAC,True
2025,3,2025_03_MIA_BUF,2025-09-18,BUF,MIA,31.0,21.0,1,1680.099106301038,1489.8938245524782,190.20528174855986,245.20528174855986,0.8040047993725778,0.0,0.0,0.0,-1.0,1,0.8605084705460683,BUF,BUF,True
2025,3,2025_03_ATL_CAR,2025-09-21,CAR,ATL,30.0,0.0,1,1321.7453845847008,1435.4672556215548,-113.72187103685405,-58.721871036854054,0.416288029129895,0.5,0.5,0.0,0.5,0,0.355025686740341,ATL,CAR,False
2025,3,2025_03_GB_CLE,2025-09-21,CLE,GB,13.0,10.0,1,1425.9518087810004,1588.0306567653345,-162.07884798433406,-107.07884798433406,0.3506017051681252,0.0,0.5,-0.5,1.0,0,0.3080431007877792,GB,CLE,False
2025,3,2025_03_HOU_JAX,2025-09-21,JAX,HOU,17.0,10.0,1,1387.85190097847,1474.737137116253,-86.88523613778307,-31.885236137783068,0.4542418474959768,0.5,0.5,0.0,-0.5,1,0.582188234502192,JAX,JAX,True
2025,3,2025_03_CIN_MIN,2025-09-21,MIN,CIN,48.0,10.0,1,1571.362907121155,1580.2989814403545,-8.936074319199406,46.063925680800594,0.5659056033462391,0.0,0.5,-0.5,0.5,1,0.5139792434188603,MIN,MIN,True
2025,3,2025_03_PIT_NE,2025-09-21,NE,PIT,14.0,21.0,0,1398.3046929420143,1549.4353580831669,-151.13066514115258,-96.13066514115258,0.3650822965791207,0.0,0.0,0.0,0.0,0,0.3734906314948112,PIT,PIT,True
2025,3,2025_03_LA_PHI,2025-09-21,PHI,LA,33.0,26.0,1,1682.0620250495915,1580.0324183375083,102.02960671208325,157.02960671208325,0.7117574907995491,0.0,0.0,0.0,0.0,1,0.6282530376280945,PHI,PHI,True
2025,3,2025_03_NYJ_TB,2025-09-21,TB,NYJ,29.0,27.0,1,1548.2057982162487,1372.3385126521057,175.867285564143,230.867285564143,0.7906716869346185,0.0,0.5,-0.5,-1.0,1,0.7783912972831625,TB,TB,True
2025,3,2025_03_IND_TEN,2025-09-21,TEN,IND,20.0,41.0,0,1366.55251057712,1482.1925268475093,-115.6400162703892,-60.6400162703892,0.4136074782532875,0.5,0.5,0.0,1.0,0,0.26208299596681794,IND,IND,True
2025,3,2025_03_LV_WAS,2025-09-21,WAS,LV,41.0,24.0,1,1507.5111638860667,1421.9121669160077,85.59899697005903,140.59899697005903,0.691971591151159,0.5,0.5,0.0,0.0,1,0.6845113513900268,WAS,WAS,True
2025,3,2025_03_DEN_LAC,2025-09-21,LAC,DEN,23.0,20.0,1,1526.5419316624495,1481.9210395854352,44.62089207701433,99.62089207701433,0.6395620793305462,0.5,0.5,0.0,-0.5,1,0.5951742997991927,LAC,LAC,True
2025,3,2025_03_NO_SEA,2025-09-21,SEA,NO,44.0,13.0,1,1545.8575887062111,1424.6082153260224,121.24937338018867,176.24937338018867,0.7339141286432674,0.5,0.5,0.0,-0.5,1,0.7223097236025674,SEA,SEA,True
2025,3,2025_03_DAL_CHI,2025-09-21,CHI,DAL,31.0,14.0,1,1371.4841429525861,1528.6625047854754,-157.17836183288932,-102.17836183288932,0.3570511939158046,0.0,0.0,0.0,0.5,0,0.2946671380106815,DAL,CHI,False
2025,3,2025_03_ARI_SF,2025-09-21,SF,ARI,16.0,15.0,1,1571.0612019170285,1437.761017374052,133.30018454297647,188.30018454297647,0.7472394330187785,0.0,0.0,0.0,0.0,1,0.6611150376253584,SF,SF,True
2025,3,2025_03_KC_NYG,2025-09-21,NYG,KC,9.0,22.0,0,1355.915387078837,1714.9915501791404,-359.07616310030335,-304.07616310030335,0.14799636246255807,0.0,0.5,-0.5,0.0,0,0.2643758071744842,KC,KC,True
2025,3,2025_03_DET_BAL,2025-09-22,BAL,DET,30.0,38.0,0,1631.214794958718,1604.6088299135272,26.605965045190715,81.60596504519071,0.6153273516053851,0.0,0.0,0.0,0.0,1,0.6505390546646256,BAL,DET,False
2025,4,2025_04_SEA_ARI,2025-09-25,ARI,SEA,20.0,23.0,0,1432.7058060344275,1551.1793061333458,-118.4735000989183,-63.473500098918294,0.4096571600704002,0.3333333333333333,0.3333333333333333,0.0,0.0,0,0.3283986675801369,SEA,SEA,True
2025,4,2025_04_MIN_PIT,2025-09-28,PIT,MIN,24.0,21.0,1,1556.7370040147493,1580.0447950542302,-23.30779103948089,31.69220896051911,0.5454826766311018,0.16666666666666666,0.3333333333333333,-0.16666666666666666,0.0,0,0.49638431249129145,MIN,PIT,False
2025,4,2025_04_WAS_ATL,2025-09-28,ATL,WAS,34.0,27.0,1,1423.7930162041528,1513.6717320630435,-89.8787158588907,-34.8787158588907,0.44997343533980666,0.3333333333333333,0.5,-0.16666666666666669,0.3333333333333333,0,0.33661757545196497,WAS,ATL,False
2025,4,2025_04_NO_BUF,2025-09-28,BUF,NO,31.0,19.0,1,1684.0190103135865,1419.2864978988878,264.7325124146987,319.7325124146987,0.8630111756174181,0.0,0.5,-0.5,-1.0,1,0.9138100680359158,BUF,BUF,True
2025,4,2025_04_CLE_DET,2025-09-28,DET,CLE,34.0,10.0,1,1616.915376945635,1438.9397746776378,177.97560226799715,232.97560226799715,0.7926733041249504,0.16666666666666666,0.3333333333333333,-0.16666666666666666,-0.3333333333333333,1,0.8614926984696251,DET,DET,True
2025,4,2025_04_TEN_HOU,2025-09-28,HOU,TEN,26.0,0.0,1,1463.8219740661725,1358.2803610120543,105.54161305411822,160.54161305411822,0.7158873103023738,0.5,0.6666666666666666,-0.16666666666666663,0.0,1,0.6513824378776855,HOU,HOU,True
2025,4,2025_04_CAR_NE,2025-09-28,NE,CAR,42.0,13.0,1,1391.0030470104318,1333.4196240021029,57.583423008328964,112.58342300832896,0.6565781785642685,0.16666666666666666,0.5,-0.33333333333333337,0.0,1,0.6292641629387399,NE,NE,True
2025,4,2025_04_LAC_NYG,2025-09-28,NYG,LAC,21.0,18.0,1,1352.9554598295858,1533.7506900758385,-180.7952302462527,-125.79523024625269,0.3264829564597046,0.0,0.5,-0.5,1.0,0,0.3379956961641192,LAC,NYG,False
2025,4,2025_04_PHI_TB,2025-09-28,TB,PHI,25.0,31.0,0,1552.3923644775564,1687.8268752336005,-135.43451075604412,-80.43451075604412,0.3862700525432422,0.0,0.3333333333333333,-0.3333333333333333,0.0,0,0.4213501798410301,PHI,PHI,True
2025,4,2025_04_IND_LA,2025-09-28,LA,IND,27.0,20.0,1,1574.2675681534993,1490.464676412575,83.80289174092422,138.80289174092422,0.6897634567944673,0.3333333333333333,0.3333333333333333,0.0,0.33333333333333337,1,0.5245941015672181,LA,LA,True
2025,4,2025_04_JAX_SF,2025-09-28,SF,JAX,21.0,26.0,0,1576.116413256653,1398.7670640285505,177.34934922810248,232.34934922810248,0.7920802245154807,0.3333333333333333,0.3333333333333333,0.0,-0.33333333333333337,1,0.6836695481581776,SF,JAX,False
2025,4,2025_04_BAL_KC,2025-09-28,KC,BAL,37.0,20.0,1,1717.9514774283916,1618.90824792661,99.04322950178152,154.04322950178152,0.7082178144355165,0.3333333333333333,0.16666666666666666,0.16666666666666666,0.0,0,0.46790534279696644,BAL,KC,False
2025,4,2025_04_CHI_LV,2025-09-28,LV,CHI,24.0,25.0,0,1415.751598739031,1384.3431190742701,31.408479664760762,86.40847966476076,0.6218498187357183,0.5,0.16666666666666666,0.33333333333333337,0.0,0,0.4672979609097252,CHI,CHI,True
2025,4,2025_04_GB_DAL,2025-09-28,DAL,GB,40.0,40.0,0,1515.8035286637914,1575.042690868697,-59.2391622049056,-4.239162204905597,0.49389965790691615,0.0,0.3333333333333333,-0.3333333333333333,0.3333333333333333,1,0.5334814148919848,DAL,GB,False
2025,4,2025_04_NYJ_MIA,2025-09-29,MIA,NYJ,27.0,21.0,1,1485.9739205399298,1368.151946390798,117.82197414913185,172.82197414913185,0.7300434935048902,0.3333333333333333,0.6666666666666666,-0.3333333333333333,0.0,1,0.6562359085290504,MIA,MIA,True
2025,4,2025_04_CIN_DEN,2025-09-29,DEN,CIN,28.0,3.0,1,1474.7122811720462,1571.6170935072794,-96.90481233523315,-41.904812335233146,0.4399848627914645,0.6666666666666666,0.5,0.16666666666666663,0.3333333333333333,0,0.4770007513521746,CIN,DEN,False
2025,5,2025_05_SF_LA,2025-10-02,LA,SF,23.0,26.0,0,1580.4722990176099,1560.2748087663433,20.197490251266572,75.19749025126657,0.6065591592314376,0.5,0.41666666666666663,0.08333333333333337,0.0,1,0.6118297464074144,LA,SF,False
2025,5,2025_05_MIN_CLE,2025-10-05,CLE,MIN,17.0,21.0,0,1434.7932407601368,1570.9544485868523,-136.16120782671555,-81.16120782671555,0.3852788320800827,0.41666666666666663,0.41666666666666663,0.0,0.25,0,0.30980785291284546,MIN,MIN,True
2025,5,2025_05_HOU_BAL,2025-10-05,BAL,HOU,10.0,44.0,0,1613.0726042153203,1469.504227860125,143.56837635519537,198.56837635519537,0.758239449814679,0.20833333333333331,0.375,-0.16666666666666669,0.0,1,0.8122291219919514,BAL,HOU,False
2025,5,2025_05_MIA_CAR,2025-10-05,CAR,MIA,27.0,24.0,1,1326.5511875733882,1491.373050669832,-164.82186309644385,-109.82186309644385,0.347015156193271,0.4583333333333333,0.25,0.20833333333333331,0.0,0,0.33982143030387635,MIA,CAR,False
2025,5,2025_05_LV_IND,2025-10-05,IND,LV,40.0,6.0,1,1484.2599455484644,1403.3146023643164,80.94534318414799,135.945343184148,0.6862325163403464,0.41666666666666663,0.4583333333333333,-0.041666666666666685,-0.5,1,0.7608155424277273,IND,IND,True
2025,5,2025_05_NYG_NO,2025-10-05,NO,NYG,26.0,14.0,1,1416.5467214112361,1366.4258007003918,50.1209207108443,105.1209207108443,0.6468278711718493,0.625,0.25,0.375,0.25,1,0.5241894994770764,NO,NO,True
2025,5,2025_05_DAL_NYJ,2025-10-05,NYJ,DAL,22.0,37.0,0,1362.7528162608958,1515.9255355056532,-153.17271924475745,-98.17271924475745,0.3623618642215634,0.5,0.16666666666666666,0.33333333333333337,0.25,0,0.28322686028927413,DAL,DAL,True
2025,5,2025_05_DEN_PHI,2025-10-05,PHI,DEN,17.0,21.0,0,1695.5522762844653,1485.912583916217,209.63969236824823,264.63969236824823,0.8210369165098614,0.5,0.6666666666666666,-0.16666666666666663,-0.5,1,0.7858932326577831,PHI,DEN,False
2025,5,2025_05_TEN_ARI,2025-10-05,ARI,TEN,21.0,22.0,0,1424.5126628330195,1352.5981072181019,71.91455561491762,126.91455561491762,0.6749322974527745,0.41666666666666663,0.5,-0.08333333333333337,-0.5,1,0.7034848460708136,ARI,TEN,False
2025,5,2025_05_TB_SEA,2025-10-05,SEA,TB,35.0,38.0,0,1559.3724493347538,1544.6669634266916,14.705485908062201,69.7054859080622,0.5989896380280563,0.41666666666666663,0.25,0.16666666666666663,0.0,1,0.6252398652351924,SEA,TB,False
2025,5,2025_05_DET_CIN,2025-10-05,CIN,DET,24.0,37.0,0,1560.4167907631086,1621.061910863136,-60.6451201000275,-5.645120100027498,0.4918767339556533,0.4583333333333333,0.20833333333333331,0.25,0.25,0,0.22861517191962066,DET,DET,True
2025,5,2025_05_WAS_LAC,2025-10-05,LAC,WAS,10.0,27.0,0,1520.2803492050325,1502.6712007698395,17.609148435192992,72.60914843519299,0.6029978313464506,0.375,0.4583333333333333,-0.08333333333333331,-0.25,1,0.5298695066511405,LAC,WAS,False
2025,5,2025_05_NE_BUF,2025-10-05,BUF,NE,20.0,23.0,0,1686.758786801238,1397.8714834391465,288.88730336209164,343.88730336209164,0.8786357904929295,0.0,0.20833333333333331,-0.20833333333333331,-0.5,1,0.8447361936616559,BUF,NE,False
2025,5,2025_05_KC_JAX,2025-10-06,JAX,KC,31.0,28.0,1,1414.6086685188602,1723.7871211396814,-309.1784526208212,-254.1784526208212,0.18798314543770656,0.5,0.3333333333333333,0.16666666666666669,-0.25,0,0.21686028773014882,KC,JAX,False
2025,6,2025_06_PHI_NYG,2025-10-09,NYG,PHI,34.0,17.0,1,1359.362358123829,1679.131537954268,-319.76917983043904,-264.76917983043904,0.17885358563250367,0.2,0.5,-0.3,0.6000000000000001,0,0.21676338333937673,PHI,NYG,False
2025,6,2025_06_DEN_NYJ,2025-10-12,NYJ,DEN,11.0,13.0,0,1355.5055789764644,1502.3333222464144,-146.8277432699499,-91.8277432699499,0.3708427792127856,0.45,0.7333333333333333,-0.28333333333333327,0.6,0,0.3868942686337483,DEN,DEN,True
2025,6,2025_06_LA_BAL,2025-10-12,BAL,LA,3.0,17.0,0,1597.9078152190268,1568.3411158329811,29.566699386045684,84.56669938604568,0.6193534962907679,0.21666666666666665,0.55,-0.33333333333333337,0.39999999999999997,1,0.6410314972344325,BAL,LA,False
2025,6,2025_06_DAL_CAR,2025-10-12,CAR,DAL,30.0,27.0,1,1339.6108844495227,1523.1727727900845,-183.56188834056184,-128.56188834056184,0.32299064765191837,0.41666666666666663,0.13333333333333333,0.2833333333333333,0.0,0,0.27113601120174335,DAL,CAR,False
2025,6,2025_06_ARI_IND,2025-10-12,IND,ARI,31.0,27.0,1,1490.5352952216574,1411.014016883964,79.5212783376935,134.5212783376935,0.6844647462583018,0.3833333333333333,0.3333333333333333,0.04999999999999999,-0.4,1,0.7582008141121163,IND,IND,True
2025,6,2025_06_SEA_JAX,2025-10-12,JAX,SEA,12.0,20.0,0,1430.8490056101061,1547.3926565741926,-116.54365096408651,-61.54365096408651,0.41234643699352225,0.5,0.4833333333333333,0.01666666666666672,-0.20000000000000007,0,0.3913577377734253,SEA,SEA,True
2025,6,2025_06_LAC_MIA,2025-10-12,MIA,LAC,27.0,29.0,0,1478.3133537936976,1508.2203925781034,-29.907038784405813,25.092961215594187,0.5360490160371806,0.25,0.4,-0.15000000000000002,0.39999999999999997,1,0.5709937781461957,MIA,LAC,False
2025,6,2025_06_NE_NO,2025-10-12,NO,NE,19.0,25.0,0,1423.610163987799,1415.4441992490051,8.165964738793946,63.165964738793946,0.5899146416121837,0.55,0.36666666666666664,0.1833333333333334,0.39999999999999997,0,0.46693494855838763,NE,NE,True
2025,6,2025_06_CLE_PIT,2025-10-12,PIT,CLE,23.0,9.0,1,1565.8273504821273,1427.087664118535,138.73968636359223,193.73968636359223,0.7531075601839302,0.29166666666666663,0.4333333333333333,-0.14166666666666666,-0.55,1,0.7609290569309627,PIT,PIT,True
2025,6,2025_06_TEN_LV,2025-10-12,LV,TEN,20.0,10.0,1,1397.0392526911235,1366.0967531671574,30.942499523966035,85.94249952396603,0.6212188401180395,0.5166666666666666,0.5,0.016666666666666607,0.0,1,0.5736128438017983,LV,LV,True
2025,6,2025_06_CIN_GB,2025-10-12,GB,CIN,27.0,18.0,1,1574.9206840268353,1550.5792560839955,24.3414279428398,79.3414279428398,0.6122371991563397,0.3333333333333333,0.5166666666666666,-0.1833333333333333,-0.09999999999999998,1,0.7151130571916205,GB,GB,True
2025,6,2025_06_SF_TB,2025-10-12,TB,SF,30.0,19.0,1,1556.6467561872528,1572.405991950972,-15.759235763719289,39.24076423628071,0.5562330927171534,0.35,0.4833333333333333,-0.1333333333333333,0.0,1,0.6005028928308114,TB,TB,True
2025,6,2025_06_DET_KC,2025-10-12,KC,DET,30.0,17.0,1,1707.5467840484355,1630.8994455422492,76.64733850618632,131.64733850618632,0.680880896587048,0.41666666666666663,0.26666666666666666,0.14999999999999997,0.4,1,0.5124779552165777,KC,KC,True
2025,6,2025_06_BUF_ATL,2025-10-13,ATL,BUF,24.0,14.0,1,1434.7935474973567,1669.1860709913794,-234.39252349402273,-179.39252349402273,0.26256749821641073,0.41666666666666663,0.1,0.31666666666666665,0.30000000000000004,0,0.20961072966964991,BUF,ATL,False
2025,6,2025_06_CHI_WAS,2025-10-13,WAS,CHI,24.0,25.0,0,1514.7311573967686,1396.7801154489846,117.951041947784,172.951041947784,0.7301898937799229,0.5166666666666666,0.20833333333333331,0.3083333333333333,-0.09999999999999998,1,0.6533089969457764,WAS,CHI,False
2025,7,2025_07_PIT_CIN,2025-10-16,CIN,PIT,33.0,31.0,1,1542.8240000671221,1570.7651992784486,-27.94119921132642,27.05880078867358,0.5388622030966066,0.5138888888888888,0.2733333333333333,0.24055555555555552,0.46666666666666673,0,0.3580128555987944,PIT,CIN,False
2025,7,2025_07_LA_JAX,2025-10-19,JAX,LA,7.0,35.0,0,1422.6020768702356,1580.7281857587966,-158.12610888856102,-103.12610888856102,0.35579973849900204,0.5166666666666667,0.4916666666666667,0.025000000000000022,0.0,0,0.37975678878847013,LA,LA,True
2025,7,2025_07_NO_CHI,2025-10-19,CHI,NO,26.0,14.0,1,1411.383913324583,1411.8118711555553,-0.4279578309722183,54.57204216902778,0.5778959352275832,0.2866666666666666,0.5583333333333333,-0.2716666666666667,-0.43333333333333335,1,0.6613797776944101,CHI,CHI,True
2025,7,2025_07_MIA_CLE,2025-10-19,CLE,MIA,31.0,6.0,1,1422.1498153222137,1467.592373472954,-45.4425581507403,9.557441849259703,0.5137507961337755,0.4861111111111111,0.30833333333333335,0.17777777777777776,0.0,0,0.36552657833824687,MIA,CLE,False
2025,7,2025_07_LV_KC,2025-10-19,KC,LV,31.0,0.0,1,1713.9291661166944,1404.6148758887628,309.3142902279317,364.3142902279317,0.8906269984742229,0.48055555555555546,0.46388888888888885,0.016666666666666607,-0.16666666666666669,1,0.8747717658453756,KC,KC,True
2025,7,2025_07_PHI_MIN,2025-10-19,MIN,PHI,22.0,28.0,0,1578.660025228454,1662.708609666918,-84.04858443846388,-29.048584438463877,0.458292864338105,0.3833333333333333,0.45,-0.06666666666666671,0.06666666666666665,1,0.5161459621665865,MIN,PHI,False
2025,7,2025_07_CAR_NYJ,2025-10-19,NYJ,CAR,6.0,13.0,0,1348.0887233922087,1353.1510714964843,-5.062348104275543,49.93765189572446,0.5713752219375458,0.47500000000000003,0.4138888888888888,0.06111111111111123,0.5,0,0.4801754473618304,CAR,CAR,True
2025,7,2025_07_NE_TEN,2025-10-19,TEN,NE,13.0,31.0,0,1358.5211299695181,1427.2424920812489,-68.72136211173074,-13.721362111730741,0.48026363257484705,0.45,0.33888888888888885,0.11111111111111116,0.5,0,0.31662596932886616,NE,NE,True
2025,7,2025_07_NYG_DEN,2025-10-19,DEN,NYG,33.0,32.0,1,1509.75017783067,1375.785286411179,133.9648914194911,188.9648914194911,0.7479614439662735,0.611111111111111,0.3,0.31111111111111106,-0.3333333333333333,1,0.6718735070489843,DEN,DEN,True
2025,7,2025_07_IND_LAC,2025-10-19,LAC,IND,24.0,38.0,0,1518.941372898847,1496.8460002964914,22.09537260235561,77.09537260235561,0.6091633211073926,0.3666666666666667,0.38611111111111107,-0.019444444444444375,0.16666666666666674,0,0.4355487957690243,IND,IND,True
2025,7,2025_07_GB_ARI,2025-10-19,ARI,GB,23.0,27.0,0,1404.70331180913,1582.6759400437086,-177.97262823457868,-122.97262823457868,0.33006582621080305,0.41111111111111115,0.3466666666666667,0.06444444444444447,0.26666666666666666,0,0.30290602112663617,GB,GB,True
2025,7,2025_07_WAS_DAL,2025-10-19,DAL,WAS,44.0,22.0,1,1509.632585743123,1500.12735952117,9.505226221952853,64.50522622195285,0.5917783648572924,0.17777777777777778,0.5138888888888888,-0.336111111111111,0.16666666666666669,1,0.6287140077910683,DAL,DAL,True
2025,7,2025_07_ATL_SF,2025-10-19,SF,ATL,20.0,10.0,1,1563.530653805315,1449.5421975330285,113.98845627228661,168.9884562722866,0.7256724179317271,0.5361111111111111,0.49333333333333335,0.04277777777777775,-0.06666666666666665,1,0.6241370369159935,SF,SF,True
2025,7,2025_07_TB_DET,2025-10-20,DET,TB,24.0,9.0,1,1624.5170634739902,1565.5220943329098,58.994969141080446,113.99496914108045,0.6584080076537002,0.2888888888888889,0.425,-0.13611111111111107,0.16666666666666674,1,0.6803971273690392,DET,DET,True
2025,7,2025_07_HOU_SEA,2025-10-20,SEA,HOU,27.0,19.0,1,1555.6395853140632,1484.6690168564185,70.97056845764473,125.97056845764473,0.6737389476182928,0.5361111111111111,0.35,0.18611111111111112,-0.2666666666666666,1,0.6345534663026423,SEA,SEA,True
2025,8,2025_08_MIN_LAC,2025-10-23,LAC,MIN,37.0,10.0,1,1506.7581064766991,1569.494167941692,-62.73606146499287,-7.736061464992872,0.4888687521187835,0.4333333333333334,0.4305555555555555,0.002777777777777879,-0.0714285714285714,0,0.4460671145711977,MIN,LAC,False
2025,8,2025_08_MIA_ATL,2025-10-26,ATL,MIA,10.0,34.0,0,1444.055645891663,1457.8673893956295,-13.811743503966454,41.188256496033546,0.5589985371131437,0.5222222222222223,0.28809523809523807,0.23412698412698418,-0.35714285714285715,1,0.5340085655438368,ATL,MIA,False
2025,8,2025_08_CHI_BAL,2025-10-26,BAL,CHI,30.0,16.0,1,1585.5207452932113,1419.8259946200315,165.6947506731799,220.6947506731799,0.7808148260504022,0.2805555555555555,0.26666666666666666,0.01388888888888884,0.5,1,0.6495622805559987,BAL,BAL,True
2025,8,2025_08_BUF_CAR,2025-10-26,CAR,BUF,9.0,40.0,0,1364.5785759352352,1654.4374209557077,-289.8588450204725,-234.85884502047247,0.20555074288752467,0.3547619047619047,0.16666666666666666,0.18809523809523807,0.09523809523809523,0,0.24550656723192602,BUF,BUF,True
2025,8,2025_08_NYJ_CIN,2025-10-26,CIN,NYJ,38.0,39.0,0,1552.04675600519,1336.6612189534578,215.38553705173217,270.3855370517322,0.8258454127978917,0.5547619047619047,0.4785714285714286,0.07619047619047609,-0.42857142857142855,1,0.7396690158714251,CIN,NYJ,False
2025,8,2025_08_SF_HOU,2025-10-26,HOU,SF,26.0,15.0,1,1478.1437958087843,1569.0172054466805,-90.8734096378962,-35.8734096378962,0.44855669562448297,0.40277777777777773,0.5452380952380953,-0.14246031746031756,0.380952380952381,1,0.5157473363677509,HOU,HOU,True
2025,8,2025_08_CLE_NE,2025-10-26,NE,CLE,32.0,13.0,1,1436.8477647327459,1431.8747993995382,4.97296533320764,59.97296533320764,0.5854609097719398,0.3142857142857142,0.4404761904761904,-0.1261904761904762,-0.4285714285714286,1,0.6987734325613302,NE,NE,True
2025,8,2025_08_NYG_PHI,2025-10-26,PHI,NYG,38.0,20.0,1,1671.87446695368,1370.7445152905045,301.12995166317546,356.12995166317546,0.8859525490573301,0.4714285714285715,0.3523809523809524,0.11904761904761907,-0.4285714285714286,1,0.7890183913749474,PHI,PHI,True
2025,8,2025_08_TB_NO,2025-10-26,NO,TB,3.0,23.0,0,1403.369789860107,1558.6902544859838,-155.32046462587687,-100.32046462587687,0.3595101149705747,0.5642857142857143,0.4595238095238095,0.10476190476190478,0.5714285714285714,0,0.31551413713372806,TB,TB,True
2025,8,2025_08_DAL_DEN,2025-10-26,DEN,DAL,44.0,24.0,1,1514.7909489513445,1517.797018445977,-3.006069494632584,51.993930505367416,0.5742716617040797,0.5714285714285714,0.22380952380952382,0.3476190476190476,-0.28571428571428575,0,0.4456861629281825,DAL,DEN,False
2025,8,2025_08_TEN_IND,2025-10-26,IND,TEN,38.0,14.0,1,1509.0292667186393,1348.9158573180212,160.11340940061814,215.11340940061814,0.7752666287569447,0.4261904761904761,0.48095238095238096,-0.054761904761904845,-0.7142857142857142,1,0.855719295027105,IND,IND,True
2025,8,2025_08_GB_PIT,2025-10-26,PIT,GB,25.0,35.0,0,1561.5424433403807,1589.2772565679247,-27.73481322754401,27.26518677245599,0.5391574084560538,0.28333333333333327,0.3444444444444445,-0.06111111111111123,0.0,0,0.4922124470480148,GB,GB,True
2025,8,2025_08_WAS_KC,2025-10-27,KC,WAS,28.0,7.0,1,1716.11662614721,1491.962926818316,224.15369932889394,279.15369932889394,0.8329858153535209,0.4595238095238095,0.4880952380952381,-0.02857142857142858,-0.14285714285714285,1,0.7813754410604964,KC,KC,True
2025,9,2025_09_BAL_MIA,2025-10-30,MIA,BAL,6.0,28.0,0,1469.0473601378924,1589.9044487722033,-120.85708863431091,-65.85708863431091,0.40634304935207677,0.3145833333333333,0.3357142857142857,-0.02113095238095236,0.0357142857142857,0,0.3940791310336291,BAL,BAL,True
2025,9,2025_09_CHI_CIN,2025-11-02,CIN,CHI,42.0,47.0,0,1535.5298477492322,1415.4422911410395,120.0875566081927,175.0875566081927,0.7326060353274043,0.4854166666666666,0.2523809523809524,0.23303571428571423,0.1964285714285714,1,0.6017289777249157,CIN,CHI,False
2025,9,2025_09_MIN_DET,2025-11-02,DET,MIN,24.0,27.0,0,1631.3489033209162,1559.2715429840678,72.07736033684841,127.07736033684841,0.6751378796490947,0.3666666666666667,0.4506802721088435,-0.08401360544217679,-0.28571428571428575,1,0.7129821539808836,DET,MIN,False
2025,9,2025_09_CAR_GB,2025-11-02,GB,CAR,13.0,16.0,0,1600.0604047370457,1360.4675610774848,239.5928436595609,294.5928436595609,0.8449870612388793,0.3904761904761905,0.39374999999999993,-0.0032738095238094567,-0.2142857142857143,1,0.8348471169943941,GB,CAR,False
2025,9,2025_09_DEN_HOU,2025-11-02,HOU,DEN,15.0,18.0,0,1489.1726618962946,1523.305515717263,-34.13285382096842,20.86714617903158,0.5299941803899104,0.44727891156462585,0.5535714285714286,-0.10629251700680276,0.32142857142857145,0,0.4835222046630461,DEN,DEN,True
2025,9,2025_09_ATL_NE,2025-11-02,NE,ATL,24.0,23.0,1,1445.138546537307,1432.8756751494002,12.262871387906898,67.2628713879069,0.5956075627029409,0.31071428571428567,0.46802721088435373,-0.15731292517006806,-0.32142857142857145,1,0.7059606597413772,NE,NE,True
2025,9,2025_09_SF_NYG,2025-11-02,NYG,SF,24.0,34.0,0,1368.4635662716512,1557.9883393591701,-189.52477308751895,-134.52477308751895,0.31553090894809216,0.39761904761904765,0.51875,-0.1211309523809524,0.375,0,0.40837813094392,SF,SF,True
2025,9,2025_09_IND_PIT,2025-11-02,PIT,IND,27.0,20.0,1,1550.7592951712597,1513.5239341435004,37.23536102775938,92.23536102775938,0.6297045214944904,0.33809523809523806,0.39077380952380947,-0.05267857142857141,0.3035714285714286,0,0.44498902688652675,IND,PIT,False
2025,9,2025_09_LAC_TEN,2025-11-02,TEN,LAC,20.0,27.0,0,1344.42118989316,1516.9807314343234,-172.5595415411633,-117.5595415411633,0.33699216657708986,0.5279761904761905,0.4416666666666667,0.08630952380952378,0.5,0,0.2410510503465093,LAC,LAC,True
2025,9,2025_09_NO_LA,2025-11-02,LA,NO,34.0,10.0,1,1587.8441805287766,1396.1795875606954,191.66459296808125,246.66459296808125,0.8053251749088197,0.5166666666666667,0.5830357142857143,-0.0663690476190476,-0.5892857142857143,1,0.8152764083838896,LA,LA,True
2025,9,2025_09_JAX_LV,2025-11-02,LV,JAX,29.0,30.0,0,1402.4274158582473,1415.4860821002555,-13.058666242008258,41.94133375799174,0.5600669378819415,0.46904761904761905,0.5380952380952381,-0.06904761904761902,0.2857142857142857,0,0.49370047495718145,JAX,JAX,True
2025,9,2025_09_KC_BUF,2025-11-02,BUF,KC,28.0,21.0,1,1658.5484358134581,1719.4569098401396,-60.90847402668146,-5.908474026681461,0.4914978419642474,0.22448979591836735,0.45565476190476184,-0.2311649659863945,-0.0892857142857143,0,0.4606386190669274,KC,BUF,False
2025,9,2025_09_SEA_WAS,2025-11-02,WAS,SEA,14.0,38.0,0,1488.6226431253863,1562.1648063616974,-73.54216323631113,-18.542163236311126,0.4733409874498596,0.49851190476190477,0.5166666666666667,-0.01815476190476195,0.3392857142857143,0,0.38978350583763116,SEA,SEA,True
2025,9,2025_09_ARI_DAL,2025-11-03,DAL,ARI,17.0,27.0,0,1509.2824516800586,1398.1019952849138,111.1804563951448,166.1804563951448,0.7224428791800571,0.2851190476190476,0.43809523809523815,-0.15297619047619054,-0.0892857142857143,1,0.7584518710646572,DAL,ARI,False
2025,10,2025_10_LV_DEN,2025-11-06,DEN,LV,10.0,7.0,1,1533.9053993250611,1391.2260771006086,142.67932222445256,197.67932222445256,0.7573000529299116,0.5396825396825398,0.48184523809523805,0.057837301587301715,-0.5277777777777778,1,0.7842445325711854,DEN,DEN,True
2025,10,2025_10_ATL_IND,2025-11-09,IND,ATL,31.0,25.0,1,1506.1180245733901,1424.7878264034591,81.33019816993101,136.330198169931,0.6867093344265001,0.4108465608465608,0.5032738095238095,-0.09242724867724872,-0.4027777777777778,1,0.7890908831415708,IND,IND,True
2025,10,2025_10_NO_CAR,2025-11-09,CAR,NO,7.0,17.0,0,1377.3673023022625,1392.2860910588718,-14.918788756609274,40.081211243390726,0.5574269675171906,0.42936507936507934,0.5976190476190477,-0.16825396825396838,-0.4444444444444445,1,0.6118494514077791,CAR,NO,False
2025,10,2025_10_NYG_CHI,2025-11-09,CHI,NYG,24.0,20.0,1,1430.0944118475875,1362.1529480926893,67.94146375489822,122.94146375489822,0.6698945038522712,0.2677083333333333,0.4228835978835979,-0.1551752645502646,-0.4027777777777778,1,0.6965072787346352,CHI,CHI,True
2025,10,2025_10_JAX_HOU,2025-11-09,HOU,JAX,36.0,29.0,1,1478.5727782884965,1426.6874208578943,51.8853574306022,106.8853574306022,0.6491446576835175,0.4851190476190476,0.506547619047619,-0.021428571428571408,0.25,1,0.6320772478316565,HOU,HOU,True
2025,10,2025_10_BUF_MIA,2025-11-09,MIA,BUF,30.0,13.0,1,1460.920499150851,1668.7184789741732,-207.7979798233223,-152.7979798233223,0.2932656754346231,0.31137566137566136,0.2745535714285714,0.036822089947089964,0.5277777777777778,0,0.2525702916867484,BUF,MIA,False
2025,10,2025_10_BAL_MIN,2025-11-09,MIN,BAL,19.0,27.0,0,1572.7743005770496,1598.0313097592448,-25.257009182195134,29.742990817804866,0.5426993467467065,0.48363095238095233,0.32499999999999996,0.15863095238095237,-0.125,0,0.462145210969859,BAL,BAL,True
2025,10,2025_10_CLE_NYJ,2025-11-09,NYJ,CLE,27.0,20.0,1,1353.1781272094156,1423.584017594977,-70.4058903855614,-15.405890385561406,0.4778436608056763,0.47232142857142856,0.47470238095238093,-0.0023809523809523725,0.125,1,0.5311044155772895,NYJ,NYJ,True
2025,10,2025_10_NE_TB,2025-11-09,TB,NE,23.0,28.0,0,1565.8804567853954,1453.2263952832482,112.65406150214721,167.65406150214721,0.7241406200138524,0.41994047619047614,0.32380952380952377,0.09613095238095237,0.02777777777777779,1,0.5899952945738505,TB,NE,False
2025,10,2025_10_ARI_SEA,2025-11-09,SEA,ARI,44.0,22.0,1,1571.6316261106947,1412.550852868515,159.0807732421797,214.0807732421797,0.7742292637136924,0.49895833333333334,0.43020833333333336,0.06874999999999998,-0.375,1,0.7693459153873283,SEA,SEA,True
2025,10,2025_10_LA_SF,2025-11-09,SF,LA,26.0,42.0,0,1564.298957538132,1591.7376770306003,-27.43871949246818,27.56128050753182,0.5395808797864626,0.48888888888888893,0.46770833333333334,0.02118055555555559,0.08333333333333337,0,0.4428890819813216,LA,LA,True
2025,10,2025_10_DET_WAS,2025-11-09,WAS,DET,22.0,44.0,0,1479.155823376389,1617.8461457279343,-138.69032235154532,-83.69032235154532,0.38183656075006733,0.5224867724867726,0.3744047619047619,0.14808201058201065,0.2916666666666667,0,0.3138920072228915,DET,DET,True
2025,10,2025_10_PIT_LAC,2025-11-09,LAC,PIT,25.0,10.0,1,1523.7205747658652,1558.16520474137,-34.44462997550477,20.555370024495232,0.5295470891171747,0.4064814814814815,0.4052083333333333,0.0012731481481482176,-0.04166666666666663,1,0.5248187931887859,LAC,LAC,True
2025,10,2025_10_PHI_GB,2025-11-10,GB,PHI,7.0,10.0,0,1583.160663512268,1674.1554159725333,-90.99475246026532,-35.99475246026532,0.4483839240153362,0.4041666666666667,0.44821428571428573,-0.04404761904761906,0.125,0,0.4681427423333674,PHI,PHI,True
2025,11,2025_11_NYJ_NE,2025-11-13,NE,NYJ,27.0,14.0,1,1467.7092076835252,1363.6212539933022,104.087953690223,159.087953690223,0.7141822632010856,0.3664285714285714,0.4476190476190476,-0.0811904761904762,-0.5777777777777778,1,0.6987183765599023,NE,NE,True
2025,11,2025_11_WAS_MIA,2025-11-16,MIA,WAS,16.0,13.0,1,1475.0551856421584,1471.5190921613876,3.5360934807708873,58.53609348077089,0.5834520864138532,0.35523809523809524,0.5327380952380952,-0.1775,0.0,1,0.6022035679306138,MIA,MIA,True
2025,11,2025_11_CAR_ATL,2025-11-16,ATL,CAR,27.0,30.0,0,1418.522013091989,1366.2187629519187,52.303250140070304,107.3032501400703,0.6496923467552416,0.5337742504409171,0.3975396825396825,0.13623456790123456,0.16666666666666669,1,0.5837969276324764,ATL,CAR,False
2025,11,2025_11_TB_BUF,2025-11-16,BUF,TB,44.0,32.0,1,1654.5837924828656,1551.3976443851184,103.18614809774726,158.18614809774726,0.7131214253014354,0.26873897707231037,0.45970017636684296,-0.1909611992945326,0.0,1,0.7354842868959732,BUF,BUF,True
2025,11,2025_11_LAC_JAX,2025-11-16,JAX,LAC,35.0,6.0,1,1419.6703140115646,1533.1296329835218,-113.45931897195715,-58.459318971957146,0.41665532709786557,0.4919312169312169,0.42833333333333334,0.06359788359788354,0.14444444444444438,0,0.37077024097721756,LAC,JAX,False
2025,11,2025_11_CHI_MIN,2025-11-16,MIN,CHI,17.0,19.0,0,1561.9203136421156,1436.696521770542,125.22379187157367,180.22379187157367,0.7383579800516358,0.4715608465608465,0.26265432098765434,0.20890652557319217,0.2222222222222222,1,0.6079649328654527,MIN,CHI,False
2025,11,2025_11_GB_NYG,2025-11-16,NYG,GB,20.0,27.0,0,1355.5508381697348,1574.1929850319614,-218.64214686222658,-163.64214686222658,0.2804965451592519,0.4430952380952381,0.4425925925925926,0.0005026455026455046,0.35555555555555557,0,0.3037142015267983,GB,GB,True
2025,11,2025_11_CIN_PIT,2025-11-16,PIT,CIN,34.0,12.0,1,1548.7561465237134,1520.8777270426842,27.87841948102914,82.87841948102914,0.6170596663734227,0.4342592592592592,0.4949735449735449,-0.06071428571428572,-0.22222222222222227,1,0.5677961795041092,PIT,PIT,True
2025,11,2025_11_HOU_TEN,2025-11-16,TEN,HOU,13.0,16.0,0,1337.6813465616183,1485.589885134826,-147.9085385732078,-92.9085385732078,0.36939234539290994,0.5387566137566138,0.5006613756613757,0.03809523809523807,0.3333333333333333,0,0.2578965164388113,HOU,HOU,True
2025,11,2025_11_SF_ARI,2025-11-16,ARI,SF,22.0,41.0,0,1408.0354381427887,1553.5073399424027,-145.471901799614,-90.47190179961399,0.3726656229014932,0.46574074074074073,0.515,-0.04925925925925928,0.26666666666666666,0,0.4278954345720628,SF,SF,True
2025,11,2025_11_SEA_LA,2025-11-16,LA,SEA,21.0,19.0,1,1602.5292946263296,1576.147040836421,26.382253789908646,81.38225378990865,0.6150224880539393,0.4898148148148148,0.4851851851851852,0.004629629629629595,0.0,1,0.5446438424961829,LA,LA,True
2025,11,2025_11_BAL_CLE,2025-11-16,CLE,BAL,16.0,23.0,0,1413.1408908110905,1608.8852966941788,-195.74440588308835,-140.74440588308835,0.3078500248246475,0.4358465608465608,0.3444444444444444,0.09140211640211643,0.2222222222222222,0,0.22986821360303367,BAL,BAL,True
2025,11,2025_11_KC_DEN,2025-11-16,DEN,KC,22.0,19.0,1,1538.759398266463,1709.2868666794245,-170.52746841296153,-115.52746841296153,0.33961069585508175,0.5107142857142858,0.4843915343915344,0.026322751322751414,-0.24444444444444446,0,0.3523233282327497,KC,DEN,False
2025,11,2025_11_DET_PHI,2025-11-16,PHI,DET,16.0,9.0,1,1683.12309445284,1625.4828769429357,57.64021750990423,112.64021750990423,0.656651893261618,0.4678571428571428,0.36984126984126986,0.09801587301587295,-0.11111111111111116,1,0.5386239214871509,PHI,PHI,True
2025,11,2025_11_DAL_LV,2025-11-17,LV,DAL,16.0,33.0,0,1386.3720781592067,1494.8335940964573,-108.46151593725062,-53.461515937250624,0.42366422258709546,0.514726631393298,0.28518518518518515,0.22954144620811284,0.1111111111111111,0,0.25832973749569094,DAL,DAL,True
2025,12,2025_12_BUF_HOU,2025-11-20,HOU,BUF,23.0,19.0,1,1492.9777320426842,1660.321363976837,-167.34363193415265,-112.34363193415265,0.34373313414352313,0.46170634920634923,0.308531746031746,0.15317460317460324,0.19999999999999996,0,0.31159190823148064,BUF,HOU,False
2025,12,2025_12_NYJ_BAL,2025-11-23,BAL,NYJ,23.0,10.0,1,1615.0422971906717,1357.904899257324,257.13739793334776,312.13739793334776,0.8577598450872047,0.3322222222222222,0.4828571428571428,-0.15063492063492062,-0.3,1,0.8113377253611878,BAL,BAL,True
2025,12,2025_12_PIT_CHI,2025-11-23,CHI,PIT,31.0,28.0,1,1451.4636813715747,1556.4149531962448,-104.95127182467013,-49.95127182467013,0.42860557693258755,0.2808333333333334,0.42416666666666664,-0.14333333333333326,-0.09999999999999998,0,0.4895008100976889,PIT,CHI,False
2025,12,2025_12_NE_CIN,2025-11-23,CIN,NE,20.0,26.0,0,1513.2189203701528,1473.4255624195034,39.79335795064935,94.79335795064935,0.6331314451977316,0.5010317460317459,0.35331890331890325,0.14771284271284268,0.5181818181818183,0,0.4606372686264219,NE,NE,True
2025,12,2025_12_NYG_DET,2025-11-23,DET,NYG,34.0,27.0,1,1618.615914808168,1349.9409072665499,268.67500754161824,323.67500754161824,0.8656721865981,0.4106349206349207,0.45331890331890334,-0.04268398268398266,-0.41818181818181815,1,0.8393165244060645,DET,DET,True
2025,12,2025_12_MIN_GB,2025-11-23,GB,MIN,23.0,6.0,1,1579.8029159351463,1547.1531540410829,32.64976189406343,87.64976189406343,0.6235286082716255,0.41833333333333333,0.49107142857142855,-0.07273809523809521,-0.19999999999999996,1,0.5919015015419173,GB,GB,True
2025,12,2025_12_IND_KC,2025-11-23,KC,IND,23.0,20.0,1,1696.0790805965262,1512.3838378848602,183.69524271166597,238.69524271166597,0.7980321355828445,0.5159523809523809,0.4072619047619047,0.10869047619047623,0.30000000000000004,1,0.6498960837551465,KC,KC,True
2025,12,2025_12_SEA_TEN,2025-11-23,TEN,SEA,24.0,30.0,0,1330.2934996537601,1568.4474905974998,-238.1539909437397,-183.1539909437397,0.25839657352129486,0.5293253968253968,0.5144444444444445,0.014880952380952328,0.6,0,0.17152647215305902,SEA,SEA,True
2025,12,2025_12_JAX_ARI,2025-11-23,ARI,JAX,24.0,27.0,0,1400.582125684759,1431.3372074696074,-30.75508178484847,24.24491821515153,0.5348347167321025,0.47916666666666663,0.5127380952380952,-0.033571428571428585,0.3,1,0.5070508388522802,ARI,JAX,False
2025,12,2025_12_CLE_LV,2025-11-23,LV,CLE,10.0,24.0,0,1377.8987937074648,1406.9838903145976,-29.085096607132755,25.914903392867245,0.5372255343402359,0.4965873015873015,0.4367063492063492,0.05988095238095231,0.0,0,0.4887099449138216,CLE,CLE,True
2025,12,2025_12_PHI_DAL,2025-11-23,DAL,PHI,24.0,21.0,1,1503.3068785481992,1689.9900565876076,-186.6831780394084,-131.6831780394084,0.3190742778464697,0.27888888888888885,0.48773809523809525,-0.2088492063492064,0.4,0,0.4113538245687898,PHI,DAL,False
2025,12,2025_12_ATL_NO,2025-11-23,NO,ATL,10.0,24.0,0,1403.4346304092155,1405.5281661568843,-2.0935357476687386,52.90646425233126,0.5755554226911463,0.5934126984126984,0.5303968253968254,0.06301587301587297,0.09999999999999998,1,0.5295326207848762,NO,ATL,False
2025,12,2025_12_TB_LA,2025-11-23,LA,TB,34.0,7.0,1,1610.2288448652507,1545.6600728911471,64.56877197410358,119.56877197410358,0.6655871286127496,0.5186111111111111,0.4803968253968254,0.038214285714285756,-0.20000000000000007,1,0.6889070050841345,LA,LA,True
2025,12,2025_12_CAR_SF,2025-11-24,SF,CAR,20.0,9.0,1,1560.9606524004325,1379.2126098870235,181.74804251340902,236.74804251340902,0.7962194701917767,0.4984848484848485,0.39170274170274166,0.10678210678210681,-0.09090909090909094,1,0.7557364023621624,SF,SF,True
2025,13,2025_13_GB_DET,2025-11-27,DET,GB,24.0,31.0,0,1621.302471076206,1587.3323437697138,33.97012730649226,88.97012730649226,0.625311104196539,0.38983339892430807,0.41666666666666674,-0.02683326774235867,0.0,1,0.6476846508334245,DET,GB,False
2025,13,2025_13_KC_DAL,2025-11-27,DAL,KC,31.0,28.0,1,1516.9253929912697,1700.1184378848693,-183.19304489359956,-128.19304489359956,0.3234551046107169,0.32626262626262625,0.5417748917748917,-0.21551226551226543,0.09090909090909088,0,0.4287789398959795,KC,DAL,False
2025,13,2025_13_CIN_BAL,2025-11-27,BAL,CIN,14.0,32.0,0,1617.8871002889275,1500.5562914661982,117.3308088227293,172.3308088227293,0.7294859121952346,0.3202020202020202,0.5298635707726617,-0.20966155057064145,-0.2727272727272727,1,0.7686933875780508,BAL,CIN,False
2025,13,2025_13_CHI_PHI,2025-11-28,PHI,CHI,15.0,24.0,0,1676.371542144537,1462.8915698329229,213.47997231161412,268.4799723116141,0.8242621106757045,0.4797619047619048,0.3098484848484849,0.1699134199134199,0.0,1,0.6793415825950578,PHI,CHI,False
2025,13,2025_13_LA_CAR,2025-11-30,CAR,LA,31.0,28.0,1,1375.136999290859,1616.9171022929957,-241.78010300213668,-186.78010300213668,0.2544168306927518,0.4120911495911496,0.5260101010101009,-0.11391895141895131,0.31818181818181823,0,0.19430016048584683,LA,CAR,False
2025,13,2025_13_SF_CLE,2025-11-30,CLE,SF,8.0,26.0,0,1417.7284010014023,1565.036262996597,-147.3078619951948,-92.3078619951948,0.37019816766919766,0.4151875901875902,0.5023989898989899,-0.08721139971139968,0.3939393939393939,0,0.3341138774936638,SF,SF,True
2025,13,2025_13_HOU_IND,2025-11-30,IND,HOU,16.0,20.0,0,1508.344480596517,1506.1030693598138,2.241411236703243,57.24141123670324,0.5816396731475775,0.4156926406926406,0.4833694083694084,-0.06767676767676778,-0.18181818181818188,1,0.5568118933985563,IND,HOU,False
2025,13,2025_13_NO_MIA,2025-11-30,MIA,NO,21.0,17.0,1,1483.3861439138814,1391.9235219553925,91.46262195848885,146.46262195848885,0.6991191034505293,0.3502164502164502,0.5667388167388168,-0.21652236652236656,-0.18181818181818182,1,0.7256273603258656,MIA,MIA,True
2025,13,2025_13_ATL_NYJ,2025-11-30,NYJ,ATL,27.0,24.0,1,1355.060096159068,1417.0392746107073,-61.9791784516392,-6.9791784516392,0.48995750556533585,0.4844155844155844,0.5003607503607503,-0.01594516594516593,0.18181818181818182,0,0.49217575628860416,ATL,NYJ,False
2025,13,2025_13_ARI_TB,2025-11-30,TB,ARI,20.0,17.0,1,1538.9718154634022,1389.885431350117,149.08638411328525,204.08638411328525,0.7640143663592476,0.5094516594516594,0.49015151515151506,0.019300144300144317,-0.2727272727272727,1,0.6716680377481437,TB,TB,True
2025,13,2025_13_JAX_TEN,2025-11-30,TEN,JAX,3.0,25.0,0,1325.1255681833343,1442.0339018042494,-116.90833362091507,-61.90833362091507,0.4118378393297044,0.5448412698412699,0.4933982683982684,0.05144300144300151,0.5454545454545454,0,0.30298338304721106,JAX,JAX,True
2025,13,2025_13_MIN_SEA,2025-11-30,SEA,MIN,26.0,0.0,1,1573.6154220679257,1539.6237262065154,33.991695861410335,88.99169586141034,0.6253401937431247,0.4767676767676768,0.500974025974026,-0.024206349206349176,-0.36363636363636365,1,0.7126721629562087,SEA,SEA,True
2025,13,2025_13_LV_LAC,2025-11-30,LAC,LV,31.0,14.0,1,1521.462739525479,1367.1542830206602,154.30845650481888,209.30845650481888,0.7693911192913809,0.43989898989898985,0.46962481962481956,-0.02972582972582971,-0.45454545454545453,1,0.7872574929451138,LAC,LAC,True
2025,13,2025_13_BUF_PIT,2025-11-30,PIT,BUF,7.0,26.0,0,1544.9870647348966,1647.1960266597073,-102.20896192481064,-47.20896192481064,0.4324758958713743,0.4492424242424242,0.3259379509379509,0.1233044733044733,0.09090909090909094,0,0.3840320832883261,BUF,BUF,True
2025,13,2025_13_DEN_WAS,2025-11-30,WAS,DEN,26.0,27.0,0,1463.1881338896646,1551.9671843493613,-88.77905045969669,-33.77905045969669,0.45154062984601967,0.5115800865800866,0.5147907647907648,-0.0032106782106782195,0.5454545454545455,0,0.3840361001696801,DEN,DEN,True
2025,13,2025_13_NYG_NE,2025-12-01,NE,NYG,33.0,15.0,1,1486.088191323458,1347.2543509985119,138.8338403249461,193.8338403249461,0.7532083228172554,0.34887566137566134,0.46554232804232804,-0.1166666666666667,-0.6666666666666667,1,0.7731423999403271,NE,NE,True
2025,14,2025_14_DAL_DET,2025-12-04,DET,DAL,44.0,30.0,1,1608.7962489922752,1530.4562908990554,78.33995809321982,133.33995809321982,0.6829942437718447,0.41037758537758545,0.34452861952861946,0.06584896584896599,-0.08333333333333337,1,0.5642984015419162,DET,DET,True
2025,14,2025_14_SEA_ATL,2025-12-07,ATL,SEA,9.0,37.0,0,1406.838424722014,1581.1086181930632,-174.2701934710492,-119.2701934710492,0.33479554247064447,0.4738155363155363,0.46734006734006733,0.006475468975468968,0.4166666666666667,0,0.28047245207390564,SEA,SEA,True
2025,14,2025_14_PIT_BAL,2025-12-07,BAL,PIT,22.0,27.0,0,1603.297382045023,1536.3375468174693,66.95983522755364,121.95983522755364,0.6686437322422528,0.3162457912457912,0.4648358585858586,-0.14859006734006736,0.0,1,0.6678232038495991,BAL,PIT,False
2025,14,2025_14_CIN_BUF,2025-12-07,BUF,CIN,39.0,34.0,1,1655.8455445771347,1515.1460097101028,140.69953486703184,195.69953486703184,0.7551992632867207,0.34423100048100047,0.5311628186628186,-0.1869318181818181,-0.3333333333333333,1,0.7643525473022765,BUF,BUF,True
2025,14,2025_14_TEN_CLE,2025-12-07,CLE,TEN,29.0,31.0,0,1410.3244376480184,1316.8888113967403,93.43562625127811,148.4356262512781,0.7015027606881445,0.4361441798941799,0.5524681337181337,-0.11632395382395383,-0.16666666666666669,1,0.6983990577701042,CLE,TEN,False
2025,14,2025_14_IND_JAX,2025-12-07,JAX,IND,36.0,19.0,1,1450.2706585908434,1496.7116871335656,-46.44102854272228,8.558971457277721,0.5123148589898767,0.4598575036075036,0.42650613275613275,0.033351370851370854,0.0,0,0.48271561442890354,IND,JAX,False
2025,14,2025_14_WAS_MIN,2025-12-07,MIN,WAS,31.0,0.0,1,1532.1305300813779,1454.1573212927442,77.97320878863366,132.97320878863366,0.6825369694211604,0.5198322510822511,0.5371302308802309,-0.017297979797979868,-0.08333333333333331,1,0.590847474647106,MIN,MIN,True
2025,14,2025_14_MIA_NYJ,2025-12-07,NYJ,MIA,10.0,34.0,0,1365.2609460477613,1489.4037618448708,-124.1428157971095,-69.1428157971095,0.4017886195112207,0.4743506493506493,0.33618326118326114,0.13816738816738816,0.16666666666666669,0,0.35602995894942285,MIA,MIA,True
2025,14,2025_14_NO_TB,2025-12-07,TB,NO,20.0,24.0,0,1543.6915281362174,1385.905904024403,157.7856241118143,212.7856241118143,0.7729233949911879,0.4897246272246272,0.5498136123136123,-0.06008898508898508,-0.41666666666666674,1,0.7578100275096309,TB,NO,False
2025,14,2025_14_DEN_LV,2025-12-07,LV,DEN,17.0,24.0,0,1362.5421054064877,1560.9979969462818,-198.45589153979404,-143.45589153979404,0.30453418885535133,0.483519721019721,0.4946188071188071,-0.011099086099086108,0.6666666666666667,0,0.23057575740680825,DEN,DEN,True
2025,14,2025_14_LA_ARI,2025-12-07,ARI,LA,17.0,45.0,0,1385.1657186773018,1602.0054389068507,-216.8397202295489,-161.8397202295489,0.2825952917981618,0.4947601010101009,0.5238425925925926,-0.02908249158249171,0.5,0,0.2533404517943915,LA,LA,True
2025,14,2025_14_CHI_GB,2025-12-07,GB,CHI,28.0,21.0,1,1599.8385658536447,1479.376812046437,120.46175380720774,175.46175380720774,0.7330277906846296,0.43497474747474757,0.3446338383838384,0.0903409090909092,0.08333333333333337,1,0.6661525706644941,GB,GB,True
2025,14,2025_14_HOU_KC,2025-12-07,KC,HOU,10.0,20.0,0,1686.5875399770837,1517.7358628227653,168.8516771543184,223.8516771543184,0.7839090864287447,0.5345057720057719,0.503694684944685,0.030811087061086928,0.08333333333333337,1,0.6898866160402058,KC,HOU,False
2025,14,2025_14_PHI_LAC,2025-12-08,LAC,PHI,22.0,19.0,1,1526.0749171396515,1659.886299931023,-133.81138279137144,-78.81138279137144,0.38848740836251666,0.41839225589225587,0.5003878066378067,-0.08199555074555082,0.0,0,0.4557486538172233,PHI,LAC,False
2025,15,2025_15_ATL_TB,2025-12-11,TB,ATL,28.0,29.0,0,1528.2330602363936,1400.142513872601,128.09054636379255,183.09054636379255,0.7415334347017117,0.46487401487401486,0.49506049506049504,-0.03018648018648018,-0.23076923076923073,1,0.6892533087962496,TB,ATL,False
2025,15,2025_15_CLE_CHI,2025-12-14,CHI,CLE,31.0,3.0,1,1474.0373678601295,1396.2943824342556,77.74298542587394,132.74298542587394,0.6822497396594372,0.36940559440559445,0.409004884004884,-0.039599289599289544,-0.4615384615384615,1,0.6958722695368607,CHI,CHI,True
2025,15,2025_15_BAL_CIN,2025-12-14,CIN,BAL,0.0,24.0,0,1510.2499949758371,1589.9245074001778,-79.67451242434072,-24.67451242434072,0.464550101623231,0.5415861915861915,0.33038073038073035,0.21120546120546113,0.15384615384615385,0,0.43512458741050253,BAL,BAL,True
2025,15,2025_15_ARI_HOU,2025-12-14,HOU,ARI,40.0,20.0,1,1533.41404455134,1379.5138128413387,153.90023171000144,208.90023171000144,0.7689739108458511,0.5034104784104785,0.5143939393939393,-0.010983460983460813,-0.38461538461538464,1,0.7601628582888935,HOU,HOU,True
2025,15,2025_15_NYJ_JAX,2025-12-14,JAX,NYJ,48.0,20.0,1,1460.024361411046,1357.225173657537,102.79918775350893,157.79918775350893,0.7126655040872946,0.47576590076590075,0.4699134199134199,0.005852480852480857,-0.4615384615384615,1,0.7195943447336852,JAX,JAX,True
2025,15,2025_15_LAC_KC,2025-12-14,KC,LAC,13.0,16.0,0,1670.9093582485089,1538.3051689724011,132.60418927610772,187.60418927610772,0.7464819709109342,0.5382617382617382,0.43749028749028745,0.10077145077145072,0.23076923076923073,1,0.6777405020679006,KC,LAC,False
2025,15,2025_15_BUF_NE,2025-12-14,NE,BUF,31.0,35.0,0,1491.0240248671128,1660.7415593114004,-169.7175344442876,-114.7175344442876,0.3406571273382481,0.33485958485958484,0.34339271839271834,-0.008533133533133508,-0.15384615384615385,0,0.3709777581165495,BUF,BUF,True
2025,15,2025_15_WAS_NYG,2025-12-14,NYG,WAS,21.0,29.0,0,1342.318517454857,1447.8080606811675,-105.48954322631039,-50.48954322631039,0.4278469043177556,0.4938339438339438,0.5214535464535465,-0.027619602619602668,0.07692307692307693,0,0.4659257404923531,WAS,WAS,True
2025,15,2025_15_LV_PHI,2025-12-14,PHI,LV,31.0,0.0,1,1647.6560480982732,1356.4514216293808,291.20462646889246,346.20462646889246,0.8800510867911188,0.5131784881784882,0.5104284604284604,0.0027500277500278614,-0.46153846153846156,1,0.8234892141656197,PHI,PHI,True
2025,15,2025_15_GB_DEN,2025-12-14,DEN,GB,34.0,26.0,1,1567.0886807233887,1605.1780100399521,-38.08932931656341,16.910670683436592,0.5243172115793221,0.4693917193917194,0.45920745920745926,0.010184260184260163,-0.15384615384615385,0,0.4849121669000197,GB,DEN,False
2025,15,2025_15_DET_LA,2025-12-14,LA,DET,41.0,34.0,1,1607.6573447428138,1615.1363641168382,-7.479019374024347,47.52098062597565,0.5679648921210732,0.5027777777777778,0.4172716172716173,0.08550616050616044,-0.15384615384615385,0,0.4990193570592593,DET,LA,False
2025,15,2025_15_CAR_NO,2025-12-14,NO,CAR,20.0,17.0,1,1401.3643719242268,1390.048662677004,11.315709247222912,66.31570924722291,0.5942936435945179,0.5523920523920524,0.44332889332889336,0.109063159063159,0.30769230769230765,1,0.5006280692710352,NO,NO,True
2025,15,2025_15_IND_SEA,2025-12-14,SEA,IND,18.0,16.0,1,1587.8045290424761,1486.957984313363,100.84654472911302,155.84654472911302,0.7103582954626926,0.457031857031857,0.44498001998001996,0.012051837051837044,-0.15384615384615385,1,0.7245244199232189,SEA,SEA,True
2025,15,2025_15_TEN_SF,2025-12-14,SF,TEN,37.0,24.0,1,1572.440226349981,1330.918866610503,241.52135973947793,296.52135973947793,0.8464356076731628,0.48473193473193477,0.5292013542013543,-0.04446941946941951,-0.5384615384615384,1,0.8338231513695367,SF,SF,True
2025,15,2025_15_MIN_DAL,2025-12-14,DAL,MIN,26.0,34.0,0,1524.1161757744924,1538.4797906929546,-14.36361491846219,40.63638508153781,0.5582152421399185,0.36289821289821284,0.49907592407592405,-0.1361777111777112,-0.07692307692307693,1,0.6710524397917234,DAL,MIN,False
2025,15,2025_15_MIA_PIT,2025-12-15,PIT,MIA,28.0,15.0,1,1549.7104214623143,1497.4395342350952,52.27088722721919,107.27088722721919,0.6496499460785586,0.46754079254079256,0.3295537795537795,0.13798701298701305,-0.07692307692307687,1,0.5457933841280105,PIT,PIT,True
2025,16,2025_16_LA_SEA,2025-12-18,SEA,LA,38.0,37.0,1,1593.5973631332222,1616.2980469003924,-22.700683767170176,32.299316232829824,0.5463490060595456,0.4683427683427683,0.5108211233211233,-0.042478354978355004,0.0,1,0.5285170404388827,SEA,SEA,True
2025,16,2025_16_PHI_WAS,2025-12-20,WAS,PHI,18.0,29.0,0,1456.3649987675226,1650.055026362451,-193.69002759492832,-138.69002759492832,0.3103755891619033,0.4951958755530184,0.4875118928690358,0.007683982683982626,0.3571428571428572,0,0.3546765174854545,PHI,PHI,True
2025,16,2025_16_GB_CHI,2025-12-20,CHI,GB,22.0,16.0,1,1480.3923730669408,1595.6643542715385,-115.27198120459775,-60.27198120459775,0.41412140478148196,0.35950299700299704,0.4868464868464869,-0.12734348984348987,-0.0714285714285714,0,0.4127214477164746,GB,CHI,False
2025,16,2025_16_TB_CAR,2025-12-21,CAR,TB,23.0,20.0,1,1381.9345355488942,1513.4023915423593,-131.46785599346504,-76.46785599346504,0.391697040056208,0.42814606028891744,0.45364675007532146,-0.02550068978640402,0.0,0,0.36944846575157453,TB,CAR,False
2025,16,2025_16_BUF_CLE,2025-12-21,CLE,BUF,20.0,23.0,0,1389.9393772274443,1667.5547018581653,-277.61532463072103,-222.61532463072103,0.2172989410167037,0.42924079888365607,0.37930422751851317,0.0499365713651429,0.5,0,0.14460471940280228,BUF,BUF,True
2025,16,2025_16_LAC_DAL,2025-12-21,DAL,LAC,17.0,34.0,0,1512.951870931694,1553.2348083906197,-40.282937458925744,14.717062541074256,0.5211668971455755,0.3644494394494394,0.4392080142080142,-0.07475857475857478,0.28571428571428575,1,0.5447520792181029,DAL,LAC,False
2025,16,2025_16_CIN_MIA,2025-12-21,MIA,CIN,21.0,45.0,0,1490.4325331566663,1500.9589929433726,-10.526459786706255,44.473540213293745,0.5636552777902825,0.34447576233290517,0.5358684965827822,-0.19139273424987707,-0.14285714285714285,1,0.5786342334673648,MIA,CIN,False
2025,16,2025_16_NYJ_NO,2025-12-21,NO,NYJ,29.0,6.0,1,1409.4784990523365,1351.4784837392829,58.00001531305361,113.00001531305361,0.6571187063482623,0.5513970156827299,0.4857987250844394,0.06559829059829053,-0.07142857142857142,1,0.5773407132291557,NO,NO,True
2025,16,2025_16_MIN_NYG,2025-12-21,NYG,MIN,13.0,16.0,0,1333.761579368502,1549.644095535753,-215.88251616725097,-160.88251616725097,0.2837137218769175,0.47504360718646427,0.4963946767518196,-0.02135106956535532,0.2857142857142857,0,0.30109726624499955,MIN,MIN,True
2025,16,2025_16_KC_TEN,2025-12-21,TEN,KC,26.0,9.0,1,1327.8475787639663,1655.9797188302903,-328.1321400663239,-273.1321400663239,0.17189231639158986,0.5408518069232355,0.5492650206935921,-0.008413213770356531,0.2857142857142857,0,0.21069258371570412,KC,TEN,False
2025,16,2025_16_ATL_ARI,2025-12-21,ARI,ATL,19.0,26.0,0,1374.8932910582557,1414.9731825666354,-40.07989150837966,14.92010849162034,0.5214585728298928,0.521607559107559,0.498160569589141,0.02344698951841795,0.14285714285714288,0,0.49424822853384437,ATL,ATL,True
2025,16,2025_16_JAX_DEN,2025-12-21,DEN,JAX,20.0,34.0,0,1576.6023364918024,1465.7710513293,110.83128516250235,165.83128516250235,0.7220396572763035,0.4853142888857175,0.45826613862328147,0.02704815026243601,-0.1428571428571428,1,0.6389184995731245,DEN,JAX,False
2025,16,2025_16_PIT_DET,2025-12-21,DET,PIT,24.0,29.0,0,1606.4956619592597,1556.7174225407432,49.77823941851648,104.77823941851648,0.6463771095769852,0.442411556697271,0.46711205461205463,-0.024700497914783626,0.0,1,0.6493778369840476,DET,PIT,False
2025,16,2025_16_LV_HOU,2025-12-21,HOU,LV,23.0,21.0,1,1538.034566334423,1354.052443365203,183.98212296921997,238.98212296921997,0.7982981745285044,0.4839361035789608,0.5179253286396143,-0.033989225060653494,-0.5,1,0.8355766117653646,HOU,HOU,True
2025,16,2025_16_NE_BAL,2025-12-21,BAL,NE,24.0,28.0,0,1599.2155094326424,1484.2108823203478,115.00462711229466,170.00462711229466,0.7268353607326461,0.3287601287601287,0.3603915925344497,-0.03163146377432097,0.2857142857142857,1,0.6150047034906664,BAL,NE,False
2025,16,2025_16_SF_IND,2025-12-22,IND,SF,27.0,48.0,0,1481.165150222617,1575.5115141965177,-94.34636397390068,-39.34636397390068,0.443616864395118,0.46814078778364493,0.46109723609723613,0.0070435516864088,0.1428571428571429,0,0.4092106663118612,SF,SF,True
2025,17,2025_17_DAL_WAS,2025-12-25,WAS,DAL,23.0,30.0,0,1450.1574869842846,1502.5285329887824,-52.371046004497884,2.6289539955021155,0.5037832967205312,0.5050399600399601,0.38777185777185774,0.11726810226810236,0.13333333333333336,0,0.43903414049343226,DAL,DAL,True
2025,17,2025_17_DET_MIN,2025-12-25,MIN,DET,23.0,10.0,1,1555.3183699732913,1593.56811976772,-38.24974979442868,16.75025020557132,0.5240868888613867,0.47282550782550786,0.45101269101269104,0.021812816812816826,0.06666666666666665,0,0.45407115104806783,DET,MIN,False
2025,17,2025_17_DEN_KC,2025-12-25,KC,DEN,13.0,20.0,0,1639.417565158122,1562.1615433462764,77.25602181184559,132.25602181184559,0.6816417402637855,0.5221711621711621,0.5005790505790506,0.021592111592111496,0.4,1,0.5762871800744278,KC,DEN,False
2025,17,2025_17_HOU_LAC,2025-12-27,LAC,HOU,16.0,20.0,0,1563.6581463335312,1542.068602843853,21.589543489678363,76.58954348967836,0.6084698532460007,0.4384989084989085,0.46119750619750627,-0.022698597698597778,-0.06666666666666665,1,0.5553013843809612,LAC,HOU,False
2025,17,2025_17_BAL_GB,2025-12-27,GB,BAL,24.0,41.0,0,1583.9467823671682,1584.6788022179894,-0.7320198508211888,54.26798014917881,0.5774689172554931,0.5020091020091021,0.3592237392237392,0.1427853627853629,-0.1333333333333333,1,0.5400953661759992,GB,BAL,False
2025,17,2025_17_SEA_CAR,2025-12-28,CAR,SEA,10.0,27.0,0,1394.1005947477702,1602.6703830120314,-208.5697882642612,-153.5697882642612,0.29234568521156096,0.43293632293632295,0.4895008695008694,-0.05656454656454646,0.2666666666666667,0,0.23024784549952068,SEA,SEA,True
2025,17,2025_17_ARI_CIN,2025-12-28,CIN,ARI,37.0,14.0,1,1512.2320984991782,1364.4641196016578,147.76797889752038,202.76797889752038,0.7626432930431396,0.5287153587153587,0.5106432456432455,0.018072113072113205,-0.1333333333333333,1,0.7100569508944823,CIN,CIN,True
2025,17,2025_17_PIT_CLE,2025-12-28,CLE,PIT,13.0,6.0,1,1385.5933984071103,1569.644964732283,-184.05156632517264,-129.05156632517264,0.3223745721144991,0.44824379324379326,0.47406648906648907,-0.025822695822695807,0.39999999999999997,0,0.2409651990385673,PIT,CLE,False
2025,17,2025_17_JAX_IND,2025-12-28,IND,JAX,17.0,23.0,0,1472.2928129347147,1480.211844474826,-7.919031540111291,47.08096845988871,0.5673432571324193,0.48455044955044957,0.4848579198579198,-0.00030747030747024784,0.19999999999999996,0,0.4784064805952279,JAX,JAX,True
2025,17,2025_17_TB_MIA,2025-12-28,MIA,TB,20.0,17.0,1,1479.1594276008607,1501.2363323434834,-22.076904742622673,32.92309525737733,0.547238833406954,0.3405583305583305,0.4567369667369667,-0.11617863617863616,0.06666666666666665,1,0.5644329777268747,MIA,MIA,True
2025,17,2025_17_NE_NYJ,2025-12-28,NYJ,NE,10.0,42.0,0,1344.6208578662481,1498.7475895350008,-154.12673166875265,-99.12673166875265,0.3610939284379282,0.47245976245976246,0.3696988196988197,0.10276094276094278,0.6000000000000001,0,0.2811300046874045,NE,NE,True
2025,17,2025_17_NO_TEN,2025-12-28,TEN,NO,26.0,34.0,0,1344.4097324361346,1416.3361249253712,-71.9263924892366,-16.926392489236605,0.4756602164893246,0.5333664483664484,0.5289229289229289,0.004443519443519506,0.1333333333333333,0,0.44683870538905957,NO,NO,True
2025,17,2025_17_NYG_LV,2025-12-28,LV,NYG,10.0,34.0,0,1350.0184068557733,1328.0873049309637,21.93110192480958,76.93110192480958,0.6089381619542401,0.5262541162541162,0.47194546194546194,0.05430865430865428,0.0,0,0.49841651971660367,NYG,NYG,True
2025,17,2025_17_PHI_BUF,2025-12-28,BUF,PHI,12.0,13.0,0,1671.9006806784994,1656.262538145689,15.638142532810434,70.63814253281043,0.6002785420873417,0.36830299330299326,0.47405871905871916,-0.1057557257557259,-0.06666666666666665,1,0.6735649076410279,BUF,PHI,False
2025,17,2025_17_CHI_SF,2025-12-28,SF,CHI,42.0,38.0,1,1584.3838514844201,1492.109944971311,92.27390651310907,147.27390651310907,0.7001005580905777,0.4684526584526585,0.37839327339327344,0.09005938505938504,0.0,1,0.6780976905018381,SF,SF,True
2025,17,2025_17_LA_ATL,2025-12-29,ATL,LA,27.0,24.0,1,1425.4023540232333,1607.2250270215832,-181.82267299834984,-126.82267299834984,0.3251837573877541,0.47923557923557925,0.5291473341473342,-0.049911754911754924,0.33333333333333326,0,0.28663845790929654,LA,ATL,False
2025,18,2025_18_CAR_TB,2026-01-03,TB,CAR,16.0,14.0,1,1492.1811090116225,1388.253681043539,103.92742796808352,158.92742796808352,0.713993601173344,0.4531909063159063,0.45587780275280276,-0.0026868964368964576,0.0625,1,0.663672834718848,TB,TB,True
2025,18,2025_18_SEA_SF,2026-01-03,SF,SEA,3.0,13.0,0,1590.3818403226085,1608.5172967162625,-18.135456393654067,36.86454360634593,0.5528541439805367,0.48500770063270066,0.4922403984903984,-0.007232697857697756,0.0625,1,0.5053513426987765,SF,SEA,False
2025,18,2025_18_NO_ATL,2026-01-04,ATL,NO,19.0,17.0,1,1438.8986788754783,1425.8493292551577,13.049349620320527,68.04934962032053,0.596697538737258,0.49511668886668886,0.5083652458652458,-0.013248556998556926,-0.0625,1,0.5943816794201093,ATL,ATL,True
2025,18,2025_18_CLE_CIN,2026-01-04,CIN,CLE,18.0,20.0,0,1516.9792326383154,1399.1459069648204,117.83332567349498,172.83332567349498,0.7300563714298015,0.5081706487956488,0.4577285561660562,0.050442092629592594,-0.125,1,0.736501449891968,CIN,CLE,False
2025,18,2025_18_IND_HOU,2026-01-04,HOU,IND,38.0,30.0,1,1554.237999908773,1460.9459477920664,93.2920521167066,148.2920521167066,0.7013296699158661,0.47820599539349545,0.5000993797868798,-0.02189338439338434,-0.1875,1,0.6829133282709536,HOU,HOU,True
2025,18,2025_18_TEN_JAX,2026-01-04,JAX,TEN,41.0,7.0,1,1491.5587096174743,1334.8965281063481,156.66218151112616,211.66218151112616,0.7717863408969898,0.4878876332001332,0.5208643786768787,-0.03297674547674556,-0.5625,1,0.7978820466960129,JAX,JAX,True
2025,18,2025_18_GB_MIN,2026-01-04,MIN,GB,16.0,3.0,1,1564.8366321960636,1572.3974040220583,-7.560771825994607,47.43922817400539,0.5678494110246748,0.47660724691974693,0.49980019980019985,-0.02319295288045292,0.0625,1,0.591815807528681,MIN,MIN,True
2025,18,2025_18_DAL_NYG,2026-01-04,NYG,DAL,34.0,17.0,1,1340.2660681700486,1512.604198923193,-172.33813075314447,-117.33813075314447,0.3372769948655391,0.4507822039072039,0.3802027833277833,0.07057942057942063,0.25,0,0.30873806802385223,DAL,NYG,False
2025,18,2025_18_NYJ_BUF,2026-01-04,BUF,NYJ,35.0,8.0,1,1659.8951098367525,1337.3989792974896,322.4961305392628,377.4961305392628,0.8978024552069176,0.38695072288822285,0.4929310273060273,-0.10598030441780443,-0.5,1,0.8834168145414389,BUF,BUF,True
2025,18,2025_18_DET_CHI,2026-01-04,CHI,DET,16.0,19.0,0,1486.1119561331227,1584.0498575449476,-97.9379014118249,-42.937901411824896,0.43852007499165896,0.4005770271395272,0.4519910644910645,-0.05141403735153732,-0.1875,0,0.4536021834785657,DET,DET,True
2025,18,2025_18_LAC_DEN,2026-01-04,DEN,LAC,19.0,3.0,1,1575.794378151552,1551.4887492686112,24.305628882940937,79.30562888294094,0.612188275014103,0.49429285991786,0.4527593933843934,0.04153346653346657,-0.125,1,0.5799210068938045,DEN,DEN,True
2025,18,2025_18_ARI_LA,2026-01-04,LA,ARI,37.0,20.0,1,1593.7287021693382,1359.7169854625206,234.01171670681765,289.01171670681765,0.8407320741053655,0.5210756257631257,0.49956137612387597,0.02151424963924975,-0.5,1,0.8268499606627491,LA,LA,True
2025,18,2025_18_KC_LV,2026-01-04,LV,KC,14.0,12.0,1,1337.8396436166884,1625.7847303528463,-287.9450867361579,-232.94508673615792,0.2073555659842511,0.5016965673215673,0.5395354645354645,-0.037838897213897216,0.25,0,0.21726605339236177,KC,LV,False
2025,18,2025_18_MIA_NE,2026-01-04,NE,MIA,38.0,10.0,1,1505.9694681037593,1488.2146509327215,17.754817171037757,72.75481717103776,0.6031985525005034,0.35909264346764347,0.3484401015651015,0.010652541902541945,-0.375,1,0.6363256660633548,NE,NE,True
2025,18,2025_18_WAS_PHI,2026-01-04,PHI,WAS,17.0,24.0,0,1668.2681089874359,1440.081821049874,228.18628793756193,283.18628793756193,0.836190366067485,0.4902633824508825,0.4984749625374626,-0.008211580086580073,-0.4375,1,0.7898821422011777,PHI,WAS,False
2025,18,2025_18_BAL_PIT,2026-01-04,PIT,BAL,26.0,24.0,1,1556.0924561745728,1596.2281805630994,-40.13572438852657,14.864275611473431,0.5213783702991115,0.4569373334998335,0.37427225552225546,0.08266507797757805,-0.0625,0,0.47068788823188856,BAL,PIT,False
2025,19,2025_19_LA_CAR,2026-01-10,CAR,LA,31.0,34.0,0,1382.5335530670059,1596.9140606872309,-214.380507620225,-159.380507620225,0.28547409724535217,0.4547967555320497,0.5014535301300007,-0.046656774597951034,0.23529411764705888,0,0.22996561956407838,LA,LA,True
2025,19,2025_19_GB_CHI,2026-01-10,CHI,GB,31.0,27.0,1,1477.3415546332894,1563.7543922425518,-86.4128376092624,-31.412837609262397,0.45491607332022665,0.4064254373077903,0.4998119527531293,-0.09338651544533899,-0.11764705882352944,1,0.5061887727706719,CHI,CHI,True
2025,19,2025_19_BUF_JAX,2026-01-11,JAX,BUF,24.0,27.0,0,1496.1229827995344,1661.939060732614,-165.81607793307967,-110.81607793307967,0.3457194509559901,0.47021777242365476,0.37521832742420974,0.09499944499944502,-0.05882352941176461,0,0.3894816421419206,BUF,BUF,True
2025,19,2025_19_SF_PHI,2026-01-11,PHI,SF,19.0,23.0,0,1651.544301666086,1579.3247574429977,72.2195442230884,127.2195442230884,0.6753173676223257,0.47613024230671297,0.5042719535366595,-0.028141711229946575,0.05882352941176472,1,0.5937570662886892,PHI,SF,False
2025,19,2025_19_LAC_NE,2026-01-11,NE,LAC,16.0,3.0,1,1513.9054970537493,1543.7325147688932,-29.82701771514394,25.17298228485606,0.5361635750945816,0.36370484091072325,0.4739206055382526,-0.11021576462752936,-0.17647058823529405,1,0.6501487518182213,NE,NE,True
2025,19,2025_19_HOU_PIT,2026-01-12,PIT,HOU,6.0,30.0,0,1565.6648887685906,1560.2114065104556,5.4534822581349545,60.453482258134954,0.586132067895988,0.45947043152925504,0.47948799566446626,-0.02001756413521122,0.11764705882352944,1,0.5072883410593227,PIT,HOU,False
2025,20,2025_20_BUF_DEN,2026-01-17,DEN,BUF,33.0,30.0,1,1583.55061265127,1668.853449751734,-85.30283710046388,-30.302837100463876,0.4565009562245118,0.5056579858050447,0.39685652492025036,0.10880146088479437,-0.10130718954248363,0,0.39493095665862527,BUF,DEN,False
2025,20,2025_20_SF_SEA,2026-01-17,SEA,SF,41.0,6.0,1,1619.5743795958733,1592.8311047954442,26.743274800429162,81.74327480042916,0.6155144262842017,0.5074027279909633,0.5122045574251457,-0.004801829434182392,-0.10130718954248363,1,0.6338820481658716,SEA,SEA,True
2025,20,2025_20_HOU_NE,2026-01-18,NE,HOU,28.0,16.0,1,1523.1822255518578,1571.9340478683753,-48.75182231651752,6.248177683482481,0.5089908812586629,0.3794467288339838,0.4855295122451985,-0.10608278341121474,-0.11111111111111116,1,0.5183231400199305,NE,NE,True
2025,20,2025_20_LA_CHI,2026-01-18,CHI,LA,17.0,20.0,0,1488.243233166885,1602.623542632138,-114.38030946525305,-59.38030946525305,0.415367314394999,0.4132580110521287,0.49973879152800715,-0.08648078047587843,0.05555555555555558,0,0.3517213085949816,LA,LA,True
2025,21,2025_21_NE_DEN,2026-01-25,DEN,NE,7.0,10.0,0,1594.4205935267798,1533.0024079266846,61.418185600095285,116.41818560009528,0.66153830132416,0.5176893322726657,0.39748754427547,0.12020178799719566,0.00877192982456132,1,0.5605154169559757,DEN,NE,False
2025,21,2025_21_LA_SEA,2026-01-25,SEA,LA,31.0,27.0,1,1627.2640910701894,1610.930888920038,16.333202150151465,71.33320215015146,0.6012381929168283,0.5193371443371443,0.508524469166884,0.0108126751702603,-0.09649122807017552,1,0.528530739870478,SEA,SEA,True
2025,22,2025_22_SEA_NE,2026-02-08,NE,SEA,13.0,29.0,0,1546.2331739531678,1635.2393272118527,-89.00615325868489,-34.00615325868489,0.45121689316863295,0.4192798337283632,0.530784773859566,-0.11150494013120282,-0.007894736842105288,0,0.43778037051022595,SEA,SEA,True
