team,actual_wins,actual_losses,projected_wins,projected_losses,expected_wins,expected_losses,conference,division
BUF,3,0,17,0,13.2,3.8,AFC,AFC East
KC,3,0,15,2,12.5,4.5,AFC,AFC West
SF,3,0,15,2,12.3,4.7,NFC,NFC West
SEA,2,1,15,2,11.4,5.6,NFC,NFC West
DET,2,1,15,2,11.3,5.7,NFC,NFC North
JAX,2,1,15,2,11.3,5.7,AFC,AFC South
BAL,2,1,15,2,11.2,5.8,AFC,AFC North
MIN,3,0,14,3,11.4,5.6,NFC,NFC North
CIN,2,1,12,5,10.1,6.9,AFC,AFC North
PHI,2,1,12,5,9.9,7.1,NFC,NFC East
PIT,2,1,11,6,9.1,7.9,AFC,AFC North
DEN,2,1,10,7,9.6,7.4,AFC,AFC West
CHI,2,1,10,7,9.3,7.7,NFC,NFC North
DAL,1,2,10,7,8.6,8.4,NFC,NFC East
LA,1,2,9,8,8.7,8.3,NFC,NFC West
NE,1,2,9,8,7.9,9.1,AFC,AFC East
LV,3,0,8,9,9.0,8.0,AFC,AFC West
IND,1,2,7,10,8.3,8.7,AFC,AFC South
HOU,0,3,7,10,7.2,9.8,AFC,AFC South
NYG,2,1,6,11,7.8,9.2,NFC,NFC East
GB,1,2,6,11,7.4,9.6,NFC,NFC North
CLE,2,1,5,12,8.0,9.0,AFC,AFC North
CAR,1,2,5,12,7.2,9.8,NFC,NFC South
WAS,1,2,5,12,7.1,9.9,NFC,NFC East
TB,0,3,5,12,6.2,10.8,NFC,NFC South
ATL,1,2,4,13,6.8,10.2,NFC,NFC South
NO,1,2,3,14,6.9,10.1,NFC,NFC South
NYJ,1,2,3,14,6.1,10.9,AFC,AFC East
ARI,1,2,2,15,5.0,12.0,NFC,NFC West
LAC,0,3,2,15,4.6,12.4,AFC,AFC West
MIA,0,3,0,17,3.9,13.1,AFC,AFC East
TEN,0,3,0,17,2.9,14.1,AFC,AFC South
