team,actual_wins,actual_losses,projected_wins,projected_losses,expected_wins,expected_losses,conference,division,seed,seed_type
BUF,3,0,17,0,13.2,3.8,AFC,AFC East,1,Division Winner
KC,3,0,15,2,12.5,4.5,AFC,AFC West,2,Division Winner
JAX,2,1,15,2,11.3,5.7,AFC,AFC South,3,Division Winner
BAL,2,1,15,2,11.2,5.8,AFC,AFC North,4,Division Winner
CIN,2,1,12,5,10.1,6.9,AFC,AFC North,5,Wild Card
PIT,2,1,11,6,9.1,7.9,AFC,AFC North,6,Wild Card
DEN,2,1,10,7,9.6,7.4,AFC,AFC West,7,Wild Card
SF,3,0,15,2,12.3,4.7,NFC,NFC West,1,Division Winner
DET,2,1,15,2,11.3,5.7,NFC,NFC North,2,Division Winner
PHI,2,1,12,5,9.9,7.1,NFC,NFC East,3,Division Winner
CAR,1,2,5,12,7.2,9.8,NFC,NFC South,4,Division Winner
SEA,2,1,15,2,11.4,5.6,NFC,NFC West,5,Wild Card
MIN,3,0,14,3,11.4,5.6,NFC,NFC North,6,Wild Card
CHI,2,1,10,7,9.3,7.7,NFC,NFC North,7,Wild Card
