season,week,game_id,gameday,weekday,home_team,away_team,predicted_winner,winner_win_probability,confidence_level,upset_alert,home_win_probability,away_win_probability,predicted_home_margin,predicted_margin_text,status,home_elo_before,away_elo_before,elo_diff,home_elo_with_hfa_diff,elo_home_win_prob,home_strength_of_schedule_before,away_strength_of_schedule_before,strength_of_schedule_diff,current_opponent_win_pct_diff,upset_alert_label
2026,2,2026_02_DET_BUF,2026-09-17,Thursday,BUF,DET,BUF,0.615110647129929,Medium Confidence,False,0.615110647129929,0.384889352870071,3.9,BUF by 3.9,Pending,1666.8125429854726,1597.022668811471,69.78987417400162,124.78987417400162,0.6722431890297402,0.0,0.0,0.0,0.0,No Upset Alert
2026,2,2026_02_CAR_ATL,2026-09-20,Sunday,ATL,CAR,ATL,0.5566562876120744,Low Confidence,False,0.5566562876120744,0.4433437123879256,6.0,ATL by 6.0,Pending,1441.3160380441423,1368.200056482147,73.11598156199534,128.11598156199534,0.6764478112877272,0.0,0.0,0.0,0.0,No Upset Alert
2026,2,2026_02_NO_BAL,2026-09-20,Sunday,BAL,NO,BAL,0.7830941320963111,High Confidence,False,0.7830941320963111,0.21690586790368893,12.6,BAL by 12.6,Pending,1594.4837820824612,1413.5808702632128,180.9029118192484,235.9029118192484,0.7954289726808695,0.0,0.0,0.0,-1.0,No Upset Alert
2026,2,2026_02_MIN_CHI,2026-09-20,Sunday,CHI,MIN,CHI,0.6013320658971298,Medium Confidence,False,0.6013320658971298,0.39866793410287016,1.4,CHI by 1.4,Pending,1488.5599015189368,1581.336665023564,-92.77676350462707,-37.77676350462707,0.4458480986592055,0.0,0.0,0.0,0.0,No Upset Alert
2026,2,2026_02_CIN_HOU,2026-09-20,Sunday,HOU,CIN,HOU,0.6006521287859266,Medium Confidence,False,0.6006521287859266,0.39934787121407345,3.3,HOU by 3.3,Pending,1553.2847913843,1510.6827520660263,42.60203931827368,97.60203931827368,0.6368787524040834,0.0,0.0,0.0,1.0,No Upset Alert
2026,2,2026_02_PIT_NE,2026-09-20,Sunday,NE,PIT,NE,0.569083510293901,Low Confidence,True,0.569083510293901,0.43091648970609897,2.9,NE by 2.9,Pending,1531.5619497019786,1559.5909374672617,-28.02898776528309,26.97101223471691,0.5387366259659512,0.0,0.0,0.0,1.0,Upset Alert
2026,2,2026_02_GB_NYJ,2026-09-20,Sunday,NYJ,GB,GB,0.6374861773874158,Medium Confidence,False,0.36251382261258425,0.6374861773874158,-8.2,GB by 8.2,Pending,1346.7836486603633,1544.9956926609625,-198.21204400059924,-143.21204400059924,0.3048315642426027,0.0,0.0,0.0,-1.0,No Upset Alert
2026,2,2026_02_CLE_TB,2026-09-20,Sunday,TB,CLE,TB,0.7089429602238707,High Confidence,False,0.7089429602238707,0.2910570397761293,8.9,TB by 8.9,Pending,1489.5965901318486,1407.3349528825318,82.26163724931689,137.2616372493169,0.6878617124458234,0.0,0.0,0.0,0.0,No Upset Alert
2026,2,2026_02_PHI_TEN,2026-09-20,Sunday,TEN,PHI,PHI,0.8048897210661812,High Confidence,False,0.19511027893381877,0.8048897210661812,-3.8,PHI by 3.8,Pending,1318.9036346655528,1642.123207062876,-323.2195723973232,-268.2195723973232,0.17595512859780166,0.0,0.0,0.0,1.0,No Upset Alert
2026,2,2026_02_JAX_DEN,2026-09-20,Sunday,DEN,JAX,JAX,0.5961686721335473,Medium Confidence,False,0.40383132786645265,0.5961686721335473,-9.9,JAX by 9.9,Pending,1573.5545009513073,1495.6206752912992,77.9338256600081,132.9338256600081,0.6824878443469402,0.0,0.0,0.0,1.0,No Upset Alert
2026,2,2026_02_LV_LAC,2026-09-20,Sunday,LAC,LV,LAC,0.6735619091337852,High Confidence,False,0.6735619091337852,0.3264380908662148,5.2,LAC by 5.2,Pending,1518.6032936045233,1365.7242754117933,152.87901819272997,207.87901819272997,0.7679279127971105,0.0,0.0,0.0,1.0,No Upset Alert
2026,2,2026_02_SEA_ARI,2026-09-20,Sunday,ARI,SEA,SEA,0.7527978721577206,High Confidence,False,0.24720212784227938,0.7527978721577206,-4.9,SEA by 4.9,Pending,1372.3841196108895,1649.9105514630419,-277.5264318521524,-222.52643185215243,0.21738598495457148,0.0,0.0,0.0,0.0,No Upset Alert
2026,2,2026_02_WAS_DAL,2026-09-20,Sunday,DAL,WAS,DAL,0.6317601562528278,Medium Confidence,False,0.6317601562528278,0.3682398437471722,2.6,DAL by 2.6,Pending,1486.7934366196766,1452.7203756219874,34.073060997689254,89.07306099768925,0.6254499228889805,0.0,0.0,0.0,0.0,No Upset Alert
2026,2,2026_02_MIA_SF,2026-09-20,Sunday,SF,MIA,SF,0.7646698910606,High Confidence,False,0.7646698910606,0.23533010893939998,9.1,SF by 9.1,Pending,1597.2070023164454,1468.2468788679414,128.96012344850396,183.96012344850396,0.7424916723385573,0.0,0.0,0.0,-1.0,No Upset Alert
2026,2,2026_02_IND_KC,2026-09-20,Sunday,KC,IND,KC,0.658147565982118,High Confidence,False,0.658147565982118,0.341852434017882,6.4,KC by 6.4,Pending,1617.5671682215207,1447.1445070770042,170.4226611445165,225.4226611445165,0.7854370503364853,0.0,0.0,0.0,-1.0,No Upset Alert
2026,2,2026_02_NYG_LA,2026-09-21,Monday,LA,NYG,LA,0.6909005697478644,High Confidence,False,0.6909005697478644,0.3090994302521356,5.4,LA by 5.4,Pending,1590.8900437830573,1366.076830473565,224.8132133094923,279.8132133094923,0.8335133141476078,0.0,0.0,0.0,1.0,No Upset Alert
2026,3,2026_03_ATL_GB,2026-09-24,Thursday,GB,ATL,GB,0.6655930393632684,High Confidence,False,0.6655930393632684,0.3344069606367316,1.5,GB by 1.5,Pending,1544.9956926609625,1441.3160380441423,103.67965461682024,158.67965461682024,0.713702252621995,0.0,0.0,0.0,0.0,No Upset Alert
2026,3,2026_03_LAC_BUF,2026-09-27,Sunday,BUF,LAC,BUF,0.7903549023544816,High Confidence,False,0.7903549023544816,0.20964509764551842,14.0,BUF by 14.0,Pending,1666.8125429854726,1518.6032936045233,148.20924938094936,203.20924938094936,0.7631028016607647,0.0,0.0,0.0,-1.0,No Upset Alert
2026,3,2026_03_CAR_CLE,2026-09-27,Sunday,CLE,CAR,CAR,0.5354729964258644,Low Confidence,False,0.4645270035741355,0.5354729964258644,0.7,CLE by 0.7,Pending,1407.3349528825318,1368.200056482147,39.13489640038483,94.13489640038483,0.6322505805507638,0.0,0.0,0.0,0.0,No Upset Alert
2026,3,2026_03_NYJ_DET,2026-09-27,Sunday,DET,NYJ,DET,0.8277573026309782,High Confidence,False,0.8277573026309782,0.17224269736902176,12.1,DET by 12.1,Pending,1597.022668811471,1346.7836486603633,250.23902015110775,305.23902015110775,0.8528457125473793,0.0,0.0,0.0,0.0,No Upset Alert
2026,3,2026_03_HOU_IND,2026-09-27,Sunday,IND,HOU,HOU,0.5320044963588382,Low Confidence,False,0.4679955036411619,0.5320044963588382,-3.3,HOU by 3.3,Pending,1447.1445070770042,1553.2847913843,-106.14028430729581,-51.140284307295815,0.4269301632364209,0.0,0.0,0.0,0.0,No Upset Alert
2026,3,2026_03_NE_JAX,2026-09-27,Sunday,JAX,NE,JAX,0.644871607638448,Medium Confidence,False,0.644871607638448,0.355128392361552,6.1,JAX by 6.1,Pending,1495.6206752912992,1531.5619497019786,-35.9412744106794,19.058725589320602,0.5274002329027724,0.0,0.0,0.0,-1.0,No Upset Alert
2026,3,2026_03_KC_MIA,2026-09-27,Sunday,MIA,KC,KC,0.6869969871331782,High Confidence,False,0.31300301286682175,0.6869969871331782,-11.7,KC by 11.7,Pending,1468.2468788679414,1617.5671682215207,-149.32028935357926,-94.32028935357926,0.3675013182749647,0.0,0.0,0.0,1.0,No Upset Alert
2026,3,2026_03_TEN_NYG,2026-09-27,Sunday,NYG,TEN,NYG,0.7554092840314472,High Confidence,False,0.7554092840314472,0.24459071596855275,9.4,NYG by 9.4,Pending,1366.076830473565,1318.9036346655528,47.173195808012224,102.17319580801222,0.6429419792253934,0.0,0.0,0.0,-1.0,No Upset Alert
2026,3,2026_03_CIN_PIT,2026-09-27,Sunday,PIT,CIN,PIT,0.5579319915481981,Low Confidence,False,0.5579319915481981,0.44206800845180194,4.8,PIT by 4.8,Pending,1559.5909374672617,1510.6827520660263,48.908185401235414,103.90818540123541,0.6452314756931491,0.0,0.0,0.0,0.0,No Upset Alert
2026,3,2026_03_SEA_WAS,2026-09-27,Sunday,WAS,SEA,SEA,0.7552329280868252,High Confidence,False,0.24476707191317482,0.7552329280868252,-7.0,SEA by 7.0,Pending,1452.7203756219874,1649.9105514630419,-197.1901758410545,-142.1901758410545,0.3060795170650041,0.0,0.0,0.0,1.0,No Upset Alert
2026,3,2026_03_ARI_SF,2026-09-27,Sunday,SF,ARI,SF,0.7477936481833538,High Confidence,False,0.7477936481833538,0.2522063518166462,7.7,SF by 7.7,Pending,1597.2070023164454,1372.3841196108895,224.8228827055559,279.8228827055559,0.8335210380901471,0.0,0.0,0.0,0.0,No Upset Alert
2026,3,2026_03_MIN_TB,2026-09-27,Sunday,TB,MIN,MIN,0.5880224617212771,Medium Confidence,False,0.41197753827872285,0.5880224617212771,-4.2,MIN by 4.2,Pending,1489.5965901318486,1581.336665023564,-91.74007489171527,-36.74007489171527,0.44732298601430076,0.0,0.0,0.0,1.0,No Upset Alert
2026,3,2026_03_BAL_DAL,2026-09-27,Sunday,DAL,BAL,BAL,0.6258841045905797,Medium Confidence,False,0.37411589540942025,0.6258841045905797,-3.2,BAL by 3.2,Pending,1486.7934366196766,1594.4837820824612,-107.69034546278453,-52.690345462784535,0.4247485237982065,0.0,0.0,0.0,1.0,No Upset Alert
2026,3,2026_03_LV_NO,2026-09-27,Sunday,NO,LV,NO,0.6118197059638137,Medium Confidence,False,0.6118197059638137,0.38818029403618626,0.5,NO by 0.5,Pending,1413.5808702632128,1365.7242754117933,47.85659485141946,102.85659485141946,0.6438445804800401,0.0,0.0,0.0,1.0,No Upset Alert
2026,3,2026_03_LA_DEN,2026-09-27,Sunday,DEN,LA,LA,0.5352602180573964,Low Confidence,False,0.4647397819426036,0.5352602180573964,0.6,DEN by 0.6,Pending,1573.5545009513073,1590.8900437830573,-17.33554283174999,37.66445716825001,0.553992169721952,0.0,0.0,0.0,0.0,No Upset Alert
2026,3,2026_03_PHI_CHI,2026-09-28,Monday,CHI,PHI,CHI,0.5866107854203256,Medium Confidence,False,0.5866107854203256,0.41338921457967437,2.6,CHI by 2.6,Pending,1488.5599015189368,1642.123207062876,-153.56330554393912,-98.56330554393912,0.36184252047069276,0.0,0.0,0.0,0.0,No Upset Alert
2026,4,2026_04_PIT_CLE,2026-10-01,Thursday,CLE,PIT,PIT,0.6912946943991669,High Confidence,False,0.3087053056008331,0.6912946943991669,-11.3,PIT by 11.3,Pending,1407.3349528825318,1559.5909374672617,-152.25598458472996,-97.25598458472996,0.3635820632299312,0.0,0.0,0.0,1.0,No Upset Alert
2026,4,2026_04_IND_WAS,2026-10-04,Sunday,WAS,IND,IND,0.5605655738331969,Low Confidence,False,0.439434426166803,0.5605655738331969,-0.4,IND by 0.4,Pending,1452.7203756219874,1447.1445070770042,5.575868544983223,60.57586854498322,0.5863029589566234,0.0,0.0,0.0,0.0,No Upset Alert
2026,4,2026_04_TEN_BAL,2026-10-04,Sunday,BAL,TEN,BAL,0.8753824141909742,High Confidence,False,0.8753824141909742,0.12461758580902582,15.1,BAL by 15.1,Pending,1594.4837820824612,1318.9036346655528,275.5801474169084,330.5801474169084,0.8702275614803794,0.0,0.0,0.0,-1.0,No Upset Alert
2026,4,2026_04_NE_BUF,2026-10-04,Sunday,BUF,NE,BUF,0.7085942527937468,High Confidence,False,0.7085942527937468,0.29140574720625323,1.8,BUF by 1.8,Pending,1666.8125429854726,1531.5619497019786,135.25059328349403,190.25059328349403,0.7493541001296306,0.0,0.0,0.0,-1.0,No Upset Alert
2026,4,2026_04_NYJ_CHI,2026-10-04,Sunday,CHI,NYJ,CHI,0.824476539559625,High Confidence,False,0.824476539559625,0.17552346044037503,13.9,CHI by 13.9,Pending,1488.5599015189368,1346.7836486603633,141.77625285857357,196.77625285857357,0.7563433110489203,0.0,0.0,0.0,0.0,No Upset Alert
2026,4,2026_04_JAX_CIN,2026-10-04,Sunday,CIN,JAX,JAX,0.5793990188069016,Medium Confidence,False,0.4206009811930984,0.5793990188069016,-3.0,JAX by 3.0,Pending,1510.6827520660263,1495.6206752912992,15.062076774727075,70.06207677472707,0.5994825988744565,0.0,0.0,0.0,0.0,No Upset Alert
2026,4,2026_04_DAL_HOU,2026-10-04,Sunday,HOU,DAL,HOU,0.6495810791533503,Medium Confidence,False,0.6495810791533503,0.3504189208466497,6.5,HOU by 6.5,Pending,1553.2847913843,1486.7934366196766,66.49135476462334,121.49135476462334,0.6680459617863518,0.0,0.0,0.0,0.0,No Upset Alert
2026,4,2026_04_ARI_NYG,2026-10-04,Sunday,NYG,ARI,NYG,0.5951152349979892,Medium Confidence,False,0.5951152349979892,0.40488476500201076,2.7,NYG by 2.7,Pending,1366.076830473565,1372.3841196108895,-6.30728913732446,48.69271086267554,0.5696192260394176,0.0,0.0,0.0,0.0,No Upset Alert
2026,4,2026_04_LA_PHI,2026-10-04,Sunday,PHI,LA,PHI,0.5665482704487618,Low Confidence,False,0.5665482704487618,0.43345172955123823,2.7,PHI by 2.7,Pending,1642.123207062876,1590.8900437830573,51.233163279818655,106.23316327981865,0.6482891086327284,0.0,0.0,0.0,-1.0,No Upset Alert
2026,4,2026_04_GB_TB,2026-10-04,Sunday,TB,GB,TB,0.5063323836120878,Toss-Up,False,0.5063323836120878,0.49366761638791223,2.0,TB by 2.0,Pending,1489.5965901318486,1544.9956926609625,-55.39910252911386,-0.39910252911386124,0.4994256455438055,0.0,0.0,0.0,0.0,No Upset Alert
2026,4,2026_04_MIA_MIN,2026-10-04,Sunday,MIN,MIA,MIN,0.7494823366152361,High Confidence,False,0.7494823366152361,0.2505176633847639,8.5,MIN by 8.5,Pending,1581.336665023564,1468.2468788679414,113.0897861556225,168.0897861556225,0.7246413852569337,0.0,0.0,0.0,-1.0,No Upset Alert
2026,4,2026_04_KC_LV,2026-10-04,Sunday,LV,KC,KC,0.7341003378780906,High Confidence,False,0.26589966212190935,0.7341003378780906,-5.8,KC by 5.8,Pending,1365.7242754117933,1617.5671682215207,-251.84289280972735,-196.84289280972735,0.2435860010695756,0.0,0.0,0.0,0.0,No Upset Alert
2026,4,2026_04_LAC_SEA,2026-10-04,Sunday,SEA,LAC,SEA,0.7832635168088461,High Confidence,False,0.7832635168088461,0.2167364831911539,10.3,SEA by 10.3,Pending,1649.9105514630419,1518.6032936045233,131.3072578585186,186.3072578585186,0.7450665070939086,0.0,0.0,0.0,-1.0,No Upset Alert
2026,4,2026_04_DEN_SF,2026-10-04,Sunday,SF,DEN,SF,0.6524472705406862,High Confidence,False,0.6524472705406862,0.3475527294593138,6.8,SF by 6.8,Pending,1597.2070023164454,1573.5545009513073,23.65250136513805,78.65250136513805,0.6112952937804897,0.0,0.0,0.0,-1.0,No Upset Alert
2026,4,2026_04_DET_CAR,2026-10-04,Sunday,CAR,DET,DET,0.7249662795260551,High Confidence,False,0.2750337204739449,0.7249662795260551,-8.4,DET by 8.4,Pending,1368.200056482147,1597.022668811471,-228.8226123293241,-173.8226123293241,0.2688228042490012,0.0,0.0,0.0,1.0,No Upset Alert
2026,4,2026_04_ATL_NO,2026-10-05,Monday,NO,ATL,NO,0.5472140238345264,Low Confidence,False,0.5472140238345264,0.45278597616547356,1.8,NO by 1.8,Pending,1413.5808702632128,1441.3160380441423,-27.735167780929487,27.264832219070513,0.5391569013421055,0.0,0.0,0.0,0.0,No Upset Alert
2026,5,2026_05_TB_DAL,2026-10-08,Thursday,DAL,TB,DAL,0.5640306767106258,Low Confidence,True,0.5640306767106258,0.4359693232893742,2.0,DAL by 2.0,Pending,1486.7934366196766,1489.5965901318486,-2.8031535121720026,52.196846487828,0.5745572130246879,0.0,0.0,0.0,0.0,Upset Alert
2026,5,2026_05_PHI_JAX,2026-10-11,Sunday,JAX,PHI,JAX,0.5916472542874718,Medium Confidence,False,0.5916472542874718,0.4083527457125282,4.0,JAX by 4.0,Pending,1495.6206752912992,1642.123207062876,-146.50253177157674,-91.50253177157674,0.37127967262543277,0.0,0.0,0.0,0.0,No Upset Alert
2026,5,2026_05_CIN_MIA,2026-10-11,Sunday,MIA,CIN,CIN,0.6049543120914557,Medium Confidence,False,0.39504568790854433,0.6049543120914557,-2.7,CIN by 2.7,Pending,1468.2468788679414,1510.6827520660263,-42.43587319808489,12.564126801915108,0.5180733542936503,0.0,0.0,0.0,1.0,No Upset Alert
2026,5,2026_05_LV_NE,2026-10-11,Sunday,NE,LV,NE,0.7617901777185461,High Confidence,False,0.7617901777185461,0.23820982228145393,8.6,NE by 8.6,Pending,1531.5619497019786,1365.7242754117933,165.8376742901853,220.8376742901853,0.780955598792657,0.0,0.0,0.0,1.0,No Upset Alert
2026,5,2026_05_MIN_NO,2026-10-11,Sunday,NO,MIN,MIN,0.6652387728249116,High Confidence,False,0.3347612271750883,0.6652387728249116,-4.4,MIN by 4.4,Pending,1413.5808702632128,1581.336665023564,-167.75579476035114,-112.75579476035114,0.3431981200775571,0.0,0.0,0.0,1.0,No Upset Alert
2026,5,2026_05_CLE_NYJ,2026-10-11,Sunday,NYJ,CLE,NYJ,0.5744175268867028,Medium Confidence,False,0.5744175268867028,0.4255824731132972,2.2,NYJ by 2.2,Pending,1346.7836486603633,1407.3349528825318,-60.55130422216848,-5.551304222168483,0.49201171080929723,0.0,0.0,0.0,-1.0,No Upset Alert
2026,5,2026_05_IND_PIT,2026-10-11,Sunday,PIT,IND,PIT,0.584340124925822,Medium Confidence,False,0.584340124925822,0.415659875074178,3.1,PIT by 3.1,Pending,1559.5909374672617,1447.1445070770042,112.44643039025755,167.44643039025755,0.7239017975895337,0.0,0.0,0.0,-1.0,No Upset Alert
2026,5,2026_05_HOU_TEN,2026-10-11,Sunday,TEN,HOU,HOU,0.7862851800367294,High Confidence,False,0.21371481996327063,0.7862851800367294,-6.2,HOU by 6.2,Pending,1318.9036346655528,1553.2847913843,-234.3811567187472,-179.3811567187472,0.26258016781803467,0.0,0.0,0.0,0.0,No Upset Alert
2026,5,2026_05_NYG_WAS,2026-10-11,Sunday,WAS,NYG,WAS,0.5009032899392253,Toss-Up,True,0.5009032899392253,0.4990967100607747,-1.6,NYG by 1.6,Pending,1452.7203756219874,1366.076830473565,86.64354514842239,141.6435451484224,0.6932517412200937,0.0,0.0,0.0,1.0,Upset Alert
2026,5,2026_05_DEN_LAC,2026-10-11,Sunday,LAC,DEN,DEN,0.5148370176250852,Toss-Up,False,0.48516298237491484,0.5148370176250852,1.5,LAC by 1.5,Pending,1518.6032936045233,1573.5545009513073,-54.95120734678403,0.04879265321596904,0.5000702182720026,0.0,0.0,0.0,0.0,No Upset Alert
2026,5,2026_05_DET_ARI,2026-10-11,Sunday,ARI,DET,DET,0.7094708024718254,High Confidence,False,0.29052919752817463,0.7094708024718254,-5.6,DET by 5.6,Pending,1372.3841196108895,1597.022668811471,-224.63854920058156,-169.63854920058156,0.2735832373528437,0.0,0.0,0.0,0.0,No Upset Alert
2026,5,2026_05_CHI_GB,2026-10-11,Sunday,GB,CHI,CHI,0.5985985887728589,Medium Confidence,False,0.4014014112271412,0.5985985887728589,-7.0,CHI by 7.0,Pending,1544.9956926609625,1488.5599015189368,56.435791142025664,111.43579114202566,0.6550870313726213,0.0,0.0,0.0,1.0,No Upset Alert
2026,5,2026_05_SF_SEA,2026-10-11,Sunday,SEA,SF,SEA,0.6463130871828087,Medium Confidence,False,0.6463130871828087,0.35368691281719133,4.8,SEA by 4.8,Pending,1649.9105514630419,1597.2070023164454,52.703549146596515,107.70354914659652,0.6502166078324896,0.0,0.0,0.0,0.0,No Upset Alert
2026,5,2026_05_BAL_ATL,2026-10-11,Sunday,ATL,BAL,BAL,0.7107230904217707,High Confidence,False,0.2892769095782293,0.7107230904217707,-6.9,BAL by 6.9,Pending,1441.3160380441423,1594.4837820824612,-153.16774403831892,-98.16774403831892,0.3623684815895151,0.0,0.0,0.0,1.0,No Upset Alert
2026,5,2026_05_BUF_LA,2026-10-12,Monday,LA,BUF,BUF,0.5865724925954223,Medium Confidence,False,0.41342750740457773,0.5865724925954223,-4.5,BUF by 4.5,Pending,1590.8900437830573,1666.8125429854726,-75.92249920241534,-20.922499202415338,0.4699264476278857,0.0,0.0,0.0,1.0,No Upset Alert
2026,6,2026_06_SEA_DEN,2026-10-15,Thursday,DEN,SEA,SEA,0.6555108572593552,High Confidence,False,0.3444891427406448,0.6555108572593552,-7.5,SEA by 7.5,Pending,1573.5545009513073,1649.9105514630419,-76.35605051173457,-21.356050511734566,0.46930482129540463,0.0,0.0,0.0,1.0,No Upset Alert
2026,6,2026_06_HOU_JAX,2026-10-18,Sunday,JAX,HOU,JAX,0.6229800176411309,Medium Confidence,False,0.6229800176411309,0.37701998235886913,3.3,JAX by 3.3,Pending,1495.6206752912992,1553.2847913843,-57.66411609300076,-2.6641160930007572,0.49616610388957955,0.0,0.0,0.0,-1.0,No Upset Alert
2026,6,2026_06_CHI_ATL,2026-10-18,Sunday,ATL,CHI,CHI,0.7098555158514748,High Confidence,False,0.2901444841485252,0.7098555158514748,-8.3,CHI by 8.3,Pending,1441.3160380441423,1488.5599015189368,-47.24386347479458,7.75613652520542,0.5111601238594411,0.0,0.0,0.0,1.0,No Upset Alert
2026,6,2026_06_BAL_CLE,2026-10-18,Sunday,CLE,BAL,BAL,0.7804840692965647,High Confidence,False,0.2195159307034353,0.7804840692965647,-12.7,BAL by 12.7,Pending,1407.3349528825318,1594.4837820824612,-187.14882919992942,-132.14882919992942,0.3184921785256492,0.0,0.0,0.0,1.0,No Upset Alert
2026,6,2026_06_TEN_IND,2026-10-18,Sunday,IND,TEN,IND,0.7975594896171265,High Confidence,False,0.7975594896171265,0.20244051038287347,13.2,IND by 13.2,Pending,1447.1445070770042,1318.9036346655528,128.2408724114514,183.2408724114514,0.74169925368816,0.0,0.0,0.0,0.0,No Upset Alert
2026,6,2026_06_NYJ_NE,2026-10-18,Sunday,NE,NYJ,NE,0.7614111858735801,High Confidence,False,0.7614111858735801,0.23858881412641986,8.1,NE by 8.1,Pending,1531.5619497019786,1346.7836486603633,184.77830104161535,239.77830104161535,0.7990351393793834,0.0,0.0,0.0,1.0,No Upset Alert
2026,6,2026_06_NO_NYG,2026-10-18,Sunday,NYG,NO,NYG,0.6074501373822536,Medium Confidence,False,0.6074501373822536,0.3925498626177464,2.2,NYG by 2.2,Pending,1366.076830473565,1413.5808702632128,-47.50403978964778,7.495960210352223,0.5107858803945305,0.0,0.0,0.0,-1.0,No Upset Alert
2026,6,2026_06_CAR_PHI,2026-10-18,Sunday,PHI,CAR,PHI,0.7551156459409072,High Confidence,False,0.7551156459409072,0.2448843540590928,7.6,PHI by 7.6,Pending,1642.123207062876,1368.200056482147,273.92315058072904,328.92315058072904,0.8691465613391748,0.0,0.0,0.0,-1.0,No Upset Alert
2026,6,2026_06_PIT_TB,2026-10-18,Sunday,TB,PIT,PIT,0.5276279293374473,Toss-Up,False,0.47237207066255277,0.5276279293374473,-2.3,PIT by 2.3,Pending,1489.5965901318486,1559.5909374672617,-69.99434733541307,-14.994347335413067,0.47843478664871425,0.0,0.0,0.0,1.0,No Upset Alert
2026,6,2026_06_ARI_LA,2026-10-18,Sunday,LA,ARI,LA,0.7298823690358984,High Confidence,False,0.7298823690358984,0.2701176309641016,4.7,LA by 4.7,Pending,1590.8900437830573,1372.3841196108895,218.50592417216785,273.50592417216785,0.8284137482379627,0.0,0.0,0.0,1.0,No Upset Alert
2026,6,2026_06_LAC_KC,2026-10-18,Sunday,KC,LAC,KC,0.7059015522513601,High Confidence,False,0.7059015522513601,0.2940984477486399,8.8,KC by 8.8,Pending,1617.5671682215207,1518.6032936045233,98.96387461699737,153.96387461699737,0.7081234091555046,0.0,0.0,0.0,-1.0,No Upset Alert
2026,6,2026_06_BUF_LV,2026-10-18,Sunday,LV,BUF,BUF,0.8121602530261007,High Confidence,False,0.18783974697389924,0.8121602530261007,-5.8,BUF by 5.8,Pending,1365.7242754117933,1666.8125429854726,-301.08826757367933,-246.08826757367933,0.19519547316153088,0.0,0.0,0.0,0.0,No Upset Alert
2026,6,2026_06_DAL_GB,2026-10-18,Sunday,GB,DAL,GB,0.5760816762160744,Medium Confidence,False,0.5760816762160744,0.4239183237839256,3.3,GB by 3.3,Pending,1544.9956926609625,1486.7934366196766,58.202256041285864,113.20225604128586,0.6573809665912669,0.0,0.0,0.0,0.0,No Upset Alert
2026,6,2026_06_WAS_SF,2026-10-19,Monday,SF,WAS,SF,0.7514549912334425,High Confidence,False,0.7514549912334425,0.2485450087665575,8.4,SF by 8.4,Pending,1597.2070023164454,1452.7203756219874,144.48662669445798,199.48662669445798,0.7592070928602072,0.0,0.0,0.0,-1.0,No Upset Alert
2026,7,2026_07_NE_CHI,2026-10-22,Thursday,CHI,NE,CHI,0.6400203594704795,Medium Confidence,False,0.6400203594704795,0.3599796405295205,2.2,CHI by 2.2,Pending,1488.5599015189368,1531.5619497019786,-43.00204818304178,11.99795181695822,0.517259580372884,0.0,0.0,0.0,-1.0,No Upset Alert
2026,7,2026_07_PIT_NO,2026-10-25,Sunday,NO,PIT,PIT,0.6088801009041179,Medium Confidence,False,0.3911198990958821,0.6088801009041179,-2.7,PIT by 2.7,Pending,1413.5808702632128,1559.5909374672617,-146.01006720404894,-91.01006720404894,0.37194165674924723,0.0,0.0,0.0,1.0,No Upset Alert
2026,7,2026_07_SF_ATL,2026-10-25,Sunday,ATL,SF,SF,0.6822751343821813,High Confidence,False,0.3177248656178186,0.6822751343821813,-6.5,SF by 6.5,Pending,1441.3160380441423,1597.2070023164454,-155.8909642723031,-100.89096427230311,0.35875426822249645,0.0,0.0,0.0,1.0,No Upset Alert
2026,7,2026_07_CIN_BAL,2026-10-25,Sunday,BAL,CIN,BAL,0.6670416886862809,High Confidence,False,0.6670416886862809,0.3329583113137191,6.6,BAL by 6.6,Pending,1594.4837820824612,1510.6827520660263,83.80103001643488,138.80103001643488,0.6897611634719946,0.0,0.0,0.0,0.0,No Upset Alert
2026,7,2026_07_TB_CAR,2026-10-25,Sunday,CAR,TB,TB,0.5401778095906704,Low Confidence,False,0.45982219040932953,0.5401778095906704,-3.4,TB by 3.4,Pending,1368.200056482147,1489.5965901318486,-121.39653364970172,-66.39653364970172,0.40559418244934975,0.0,0.0,0.0,0.0,No Upset Alert
2026,7,2026_07_NYG_HOU,2026-10-25,Sunday,HOU,NYG,HOU,0.6799800250971391,High Confidence,False,0.6799800250971391,0.32001997490286094,4.1,HOU by 4.1,Pending,1553.2847913843,1366.076830473565,187.20796091073498,242.20796091073498,0.8012716323450373,0.0,0.0,0.0,1.0,No Upset Alert
2026,7,2026_07_IND_MIN,2026-10-25,Sunday,MIN,IND,MIN,0.6417042311531969,Medium Confidence,False,0.6417042311531969,0.35829576884680314,6.9,MIN by 6.9,Pending,1581.336665023564,1447.1445070770042,134.19215794655975,189.19215794655975,0.748207989105467,0.0,0.0,0.0,-1.0,No Upset Alert
2026,7,2026_07_MIA_NYJ,2026-10-25,Sunday,NYJ,MIA,MIA,0.5109830124777877,Toss-Up,True,0.48901698752221234,0.5109830124777877,-4.5,MIA by 4.5,Pending,1346.7836486603633,1468.2468788679414,-121.46323020757814,-66.46323020757814,0.40550162355875874,0.0,0.0,0.0,-1.0,Upset Alert
2026,7,2026_07_CLE_TEN,2026-10-25,Sunday,TEN,CLE,CLE,0.532837950826156,Low Confidence,False,0.4671620491738439,0.532837950826156,-1.8,CLE by 1.8,Pending,1318.9036346655528,1407.3349528825318,-88.43131821697898,-33.43131821697898,0.45203640406402895,0.0,0.0,0.0,0.0,No Upset Alert
2026,7,2026_07_DEN_ARI,2026-10-25,Sunday,ARI,DEN,DEN,0.5706112132957456,Medium Confidence,False,0.4293887867042544,0.5706112132957456,-4.1,DEN by 4.1,Pending,1372.3841196108895,1573.5545009513073,-201.17038134041786,-146.17038134041786,0.3012348836673005,0.0,0.0,0.0,-1.0,No Upset Alert
2026,7,2026_07_GB_DET,2026-10-25,Sunday,DET,GB,DET,0.6983241061331837,High Confidence,False,0.6983241061331837,0.30167589386681626,6.9,DET by 6.9,Pending,1597.022668811471,1544.9956926609625,52.02697615050852,107.02697615050852,0.649330306898793,0.0,0.0,0.0,-1.0,No Upset Alert
2026,7,2026_07_LA_LV,2026-10-25,Sunday,LV,LA,LA,0.7172407860890314,High Confidence,False,0.2827592139109686,0.7172407860890314,-10.6,LA by 10.6,Pending,1365.7242754117933,1590.8900437830573,-225.165768371264,-170.165768371264,0.2729805062904554,0.0,0.0,0.0,-1.0,No Upset Alert
2026,7,2026_07_KC_SEA,2026-10-25,Sunday,SEA,KC,SEA,0.6478874269054746,Medium Confidence,False,0.6478874269054746,0.35211257309452537,4.9,SEA by 4.9,Pending,1649.9105514630419,1617.5671682215207,32.343383241521224,87.34338324152122,0.6231145160459576,0.0,0.0,0.0,0.0,No Upset Alert
2026,7,2026_07_DAL_PHI,2026-10-26,Monday,PHI,DAL,PHI,0.6767014204094131,High Confidence,False,0.6767014204094131,0.32329857959058694,5.9,PHI by 5.9,Pending,1642.123207062876,1486.7934366196766,155.32977044319932,210.32977044319932,0.7704325961304054,0.0,0.0,0.0,-1.0,No Upset Alert
2026,8,2026_08_CAR_GB,2026-10-29,Thursday,GB,CAR,GB,0.6703725503509993,High Confidence,False,0.6703725503509993,0.3296274496490007,6.6,GB by 6.6,Pending,1544.9956926609625,1368.200056482147,176.79563617881558,231.79563617881558,0.7915548009272668,0.0,0.0,0.0,0.0,No Upset Alert
2026,8,2026_08_BAL_BUF,2026-11-01,Sunday,BUF,BAL,BUF,0.6252966370774928,Medium Confidence,False,0.6252966370774928,0.37470336292250717,2.9,BUF by 2.9,Pending,1666.8125429854726,1594.4837820824612,72.32876090301147,127.32876090301147,0.6754552039723755,0.0,0.0,0.0,0.0,No Upset Alert
2026,8,2026_08_TEN_CIN,2026-11-01,Sunday,CIN,TEN,CIN,0.8134104695690941,High Confidence,False,0.8134104695690941,0.18658953043090587,14.2,CIN by 14.2,Pending,1510.6827520660263,1318.9036346655528,191.77911740047352,246.77911740047352,0.8054285099196241,0.0,0.0,0.0,-1.0,No Upset Alert
2026,8,2026_08_ARI_DAL,2026-11-01,Sunday,DAL,ARI,DAL,0.6299436241050629,Medium Confidence,False,0.6299436241050629,0.3700563758949371,1.9,DAL by 1.9,Pending,1486.7934366196766,1372.3841196108895,114.40931700878718,169.40931700878718,0.7261544396550709,0.0,0.0,0.0,1.0,No Upset Alert
2026,8,2026_08_MIN_DET,2026-11-01,Sunday,DET,MIN,DET,0.6129158789676344,Medium Confidence,False,0.6129158789676344,0.38708412103236556,1.5,DET by 1.5,Pending,1597.022668811471,1581.336665023564,15.686003787907111,70.68600378790711,0.6003446476583891,0.0,0.0,0.0,0.0,No Upset Alert
2026,8,2026_08_IND_JAX,2026-11-01,Sunday,JAX,IND,JAX,0.6955472193874696,High Confidence,False,0.6955472193874696,0.30445278061253045,6.3,JAX by 6.3,Pending,1495.6206752912992,1447.1445070770042,48.47616821429506,103.47616821429506,0.6446620015507916,0.0,0.0,0.0,-1.0,No Upset Alert
2026,8,2026_08_LV_NYJ,2026-11-01,Sunday,NYJ,LV,NYJ,0.5486851077017191,Low Confidence,False,0.5486851077017191,0.4513148922982809,1.7,NYJ by 1.7,Pending,1346.7836486603633,1365.7242754117933,-18.940626751430045,36.059373248569955,0.551708079951614,0.0,0.0,0.0,0.0,No Upset Alert
2026,8,2026_08_CLE_PIT,2026-11-01,Sunday,PIT,CLE,PIT,0.7665373622322172,High Confidence,False,0.7665373622322172,0.23346263776778275,11.0,PIT by 11.0,Pending,1559.5909374672617,1407.3349528825318,152.25598458472996,207.25598458472996,0.7672881373213882,0.0,0.0,0.0,-1.0,No Upset Alert
2026,8,2026_08_ATL_TB,2026-11-01,Sunday,TB,ATL,TB,0.6273466170144018,Medium Confidence,False,0.6273466170144018,0.37265338298559825,3.0,TB by 3.0,Pending,1489.5965901318486,1441.3160380441423,48.28055208770638,103.28055208770638,0.6444040104165245,0.0,0.0,0.0,0.0,No Upset Alert
2026,8,2026_08_LAC_LA,2026-11-01,Sunday,LA,LAC,LA,0.6876970327273392,High Confidence,False,0.6876970327273392,0.3123029672726608,5.7,LA by 5.7,Pending,1590.8900437830573,1518.6032936045233,72.28675017853402,127.28675017853402,0.6754021881508036,0.0,0.0,0.0,0.0,No Upset Alert
2026,8,2026_08_KC_DEN,2026-11-01,Sunday,DEN,KC,KC,0.557219733844378,Low Confidence,False,0.44278026615562205,0.557219733844378,-3.8,KC by 3.8,Pending,1573.5545009513073,1617.5671682215207,-44.01266727021334,10.987332729786658,0.5158067738375357,0.0,0.0,0.0,1.0,No Upset Alert
2026,8,2026_08_NE_MIA,2026-11-01,Sunday,MIA,NE,NE,0.6327715266972622,Medium Confidence,False,0.3672284733027377,0.6327715266972622,-4.0,NE by 4.0,Pending,1468.2468788679414,1531.5619497019786,-63.315070834037215,-8.315070834037215,0.48803593530439215,0.0,0.0,0.0,0.0,No Upset Alert
2026,8,2026_08_PHI_WAS,2026-11-01,Sunday,WAS,PHI,PHI,0.6676634663679397,High Confidence,False,0.3323365336320603,0.6676634663679397,-4.0,PHI by 4.0,Pending,1452.7203756219874,1642.123207062876,-189.40283144088858,-134.40283144088858,0.31568253007643937,0.0,0.0,0.0,1.0,No Upset Alert
2026,8,2026_08_CHI_SEA,2026-11-02,Monday,SEA,CHI,SEA,0.6132158889246383,Medium Confidence,False,0.6132158889246383,0.3867841110753617,6.1,SEA by 6.1,Pending,1649.9105514630419,1488.5599015189368,161.35064994410504,216.35064994410504,0.7765050718949686,0.0,0.0,0.0,0.0,No Upset Alert
2026,9,2026_09_JAX_BAL,2026-11-05,Thursday,BAL,JAX,BAL,0.5439303688004616,Low Confidence,False,0.5439303688004616,0.45606963119953836,-1.3,JAX by 1.3,Pending,1594.4837820824612,1495.6206752912992,98.86310679116195,153.86310679116195,0.7080035038986933,0.0,0.0,0.0,0.0,No Upset Alert
2026,9,2026_09_CIN_ATL,2026-11-08,Sunday,ATL,CIN,CIN,0.5983677451146472,Medium Confidence,False,0.4016322548853528,0.5983677451146472,-0.7,CIN by 0.7,Pending,1441.3160380441423,1510.6827520660263,-69.36671402188404,-14.366714021884036,0.4793364126301572,0.0,0.0,0.0,1.0,No Upset Alert
2026,9,2026_09_DEN_CAR,2026-11-08,Sunday,CAR,DEN,DEN,0.5892553537411325,Medium Confidence,False,0.4107446462588675,0.5892553537411325,-3.8,DEN by 3.8,Pending,1368.200056482147,1573.5545009513073,-205.3544444691604,-150.3544444691604,0.29618948652352467,0.0,0.0,0.0,0.0,No Upset Alert
2026,9,2026_09_DAL_IND,2026-11-08,Sunday,IND,DAL,IND,0.5730614694713604,Medium Confidence,False,0.5730614694713604,0.4269385305286396,1.3,IND by 1.3,Pending,1447.1445070770042,1486.7934366196766,-39.64892954267248,15.351070457327523,0.5220776013398074,0.0,0.0,0.0,0.0,No Upset Alert
2026,9,2026_09_NYJ_KC,2026-11-08,Sunday,KC,NYJ,KC,0.7988523321302679,High Confidence,False,0.7988523321302679,0.20114766786973215,8.7,KC by 8.7,Pending,1617.5671682215207,1346.7836486603633,270.7835195611574,325.7835195611574,0.8670773362635469,0.0,0.0,0.0,0.0,No Upset Alert
2026,9,2026_09_DET_MIA,2026-11-08,Sunday,MIA,DET,DET,0.7252659082402615,High Confidence,False,0.2747340917597385,0.7252659082402615,-7.6,DET by 7.6,Pending,1468.2468788679414,1597.022668811471,-128.77578994352962,-73.77578994352962,0.3953955980361967,0.0,0.0,0.0,1.0,No Upset Alert
2026,9,2026_09_CLE_NO,2026-11-08,Sunday,NO,CLE,NO,0.6366554152833442,Medium Confidence,False,0.6366554152833442,0.36334458471665576,5.6,NO by 5.6,Pending,1413.5808702632128,1407.3349528825318,6.245917380681021,61.24591738068102,0.587238195725261,0.0,0.0,0.0,0.0,No Upset Alert
2026,9,2026_09_NYG_PHI,2026-11-08,Sunday,PHI,NYG,PHI,0.702752401205212,High Confidence,False,0.702752401205212,0.297247598794788,5.3,PHI by 5.3,Pending,1642.123207062876,1366.076830473565,276.04637658931097,331.04637658931097,0.8705303496255831,0.0,0.0,0.0,0.0,No Upset Alert
2026,9,2026_09_LA_WAS,2026-11-08,Sunday,WAS,LA,LA,0.6521016311070127,High Confidence,False,0.34789836889298736,0.6521016311070127,-6.5,LA by 6.5,Pending,1452.7203756219874,1590.8900437830573,-138.16966816106992,-83.16966816106992,0.38254424478534405,0.0,0.0,0.0,0.0,No Upset Alert
2026,9,2026_09_HOU_LAC,2026-11-08,Sunday,LAC,HOU,HOU,0.5836147034383532,Medium Confidence,False,0.41638529656164686,0.5836147034383532,-1.9,HOU by 1.9,Pending,1518.6032936045233,1553.2847913843,-34.68149777977669,20.31850222022331,0.5292073857069719,0.0,0.0,0.0,0.0,No Upset Alert
2026,9,2026_09_LV_SF,2026-11-08,Sunday,SF,LV,SF,0.8014856156672184,High Confidence,False,0.8014856156672184,0.19851438433278157,9.8,SF by 9.8,Pending,1597.2070023164454,1365.7242754117933,231.48272690465205,286.48272690465205,0.8387730461282435,0.0,0.0,0.0,0.0,No Upset Alert
2026,9,2026_09_GB_NE,2026-11-08,Sunday,NE,GB,NE,0.6020424744435584,Medium Confidence,False,0.6020424744435584,0.3979575255564416,3.5,NE by 3.5,Pending,1531.5619497019786,1544.9956926609625,-13.433742958983885,41.566257041016115,0.5595348804669538,0.0,0.0,0.0,0.0,No Upset Alert
2026,9,2026_09_ARI_SEA,2026-11-08,Sunday,SEA,ARI,SEA,0.8142161471143304,High Confidence,False,0.8142161471143304,0.18578385288566956,8.8,SEA by 8.8,Pending,1649.9105514630419,1372.3841196108895,277.5264318521524,332.5264318521524,0.8714875746596058,0.0,0.0,0.0,0.0,No Upset Alert
2026,9,2026_09_TB_CHI,2026-11-08,Sunday,CHI,TB,CHI,0.7239137390248785,High Confidence,False,0.7239137390248785,0.27608626097512146,9.2,CHI by 9.2,Pending,1488.5599015189368,1489.5965901318486,-1.036688612911803,53.9633113870882,0.5770409310224043,0.0,0.0,0.0,-1.0,No Upset Alert
2026,9,2026_09_BUF_MIN,2026-11-09,Monday,MIN,BUF,BUF,0.5841843360525585,Medium Confidence,False,0.4158156639474415,0.5841843360525585,-2.3,BUF by 2.3,Pending,1581.336665023564,1666.8125429854726,-85.47587796190874,-30.475877961908736,0.4562538259290081,0.0,0.0,0.0,0.0,No Upset Alert
2026,10,2026_10_WAS_NYG,2026-11-12,Thursday,NYG,WAS,NYG,0.5954631584353803,Medium Confidence,False,0.5954631584353803,0.40453684156461966,0.6,NYG by 0.6,Pending,1366.076830473565,1452.7203756219874,-86.64354514842239,-31.64354514842239,0.4545867776080068,0.0,0.0,0.0,-1.0,No Upset Alert
2026,10,2026_10_NE_DET,2026-11-15,Sunday,DET,NE,DET,0.6506254390611943,High Confidence,False,0.6506254390611943,0.3493745609388057,1.2,DET by 1.2,Pending,1597.022668811471,1531.5619497019786,65.4607191094924,120.4607191094924,0.6667289881358601,0.0,0.0,0.0,-1.0,No Upset Alert
2026,10,2026_10_KC_ATL,2026-11-15,Sunday,ATL,KC,KC,0.6807201149995228,High Confidence,False,0.31927988500047716,0.6807201149995228,-7.3,KC by 7.3,Pending,1441.3160380441423,1617.5671682215207,-176.2511301773784,-121.2511301773784,0.3322607696702285,0.0,0.0,0.0,1.0,No Upset Alert
2026,10,2026_10_HOU_CLE,2026-11-15,Sunday,CLE,HOU,HOU,0.7274156266548426,High Confidence,False,0.27258437334515734,0.7274156266548426,-6.6,HOU by 6.6,Pending,1407.3349528825318,1553.2847913843,-145.94983850176823,-90.94983850176823,0.3720226508320317,0.0,0.0,0.0,0.0,No Upset Alert
2026,10,2026_10_MIN_GB,2026-11-15,Sunday,GB,MIN,MIN,0.5458209921149884,Low Confidence,False,0.4541790078850116,0.5458209921149884,-2.5,MIN by 2.5,Pending,1544.9956926609625,1581.336665023564,-36.340972362601406,18.659027637398594,0.5268267128206023,0.0,0.0,0.0,1.0,No Upset Alert
2026,10,2026_10_MIA_IND,2026-11-15,Sunday,IND,MIA,IND,0.6698318528069147,High Confidence,False,0.6698318528069147,0.3301681471930853,5.9,IND by 5.9,Pending,1447.1445070770042,1468.2468788679414,-21.10237179093724,33.89762820906276,0.5486284087252408,0.0,0.0,0.0,0.0,No Upset Alert
2026,10,2026_10_CAR_NO,2026-11-15,Sunday,NO,CAR,NO,0.5551307447893521,Low Confidence,False,0.5551307447893521,0.4448692552106479,4.9,NO by 4.9,Pending,1413.5808702632128,1368.200056482147,45.380813781065854,100.38081378106585,0.6405698738110578,0.0,0.0,0.0,0.0,No Upset Alert
2026,10,2026_10_BUF_NYJ,2026-11-15,Sunday,NYJ,BUF,BUF,0.8117387029685382,High Confidence,False,0.1882612970314618,0.8117387029685382,-5.0,BUF by 5.0,Pending,1346.7836486603633,1666.8125429854726,-320.0288943251094,-265.0288943251094,0.17863412249132274,0.0,0.0,0.0,0.0,No Upset Alert
2026,10,2026_10_JAX_TEN,2026-11-15,Sunday,TEN,JAX,JAX,0.8339152258470929,High Confidence,False,0.1660847741529071,0.8339152258470929,-15.3,JAX by 15.3,Pending,1318.9036346655528,1495.6206752912992,-176.71704062574645,-121.71704062574645,0.3316660004144222,0.0,0.0,0.0,1.0,No Upset Alert
2026,10,2026_10_LA_ARI,2026-11-15,Sunday,ARI,LA,LA,0.6504494283407076,High Confidence,False,0.34955057165929243,0.6504494283407076,-8.4,LA by 8.4,Pending,1372.3841196108895,1590.8900437830573,-218.50592417216785,-163.50592417216785,0.28065483035122796,0.0,0.0,0.0,-1.0,No Upset Alert
2026,10,2026_10_SEA_LV,2026-11-15,Sunday,LV,SEA,SEA,0.8057845974585582,High Confidence,False,0.19421540254144182,0.8057845974585582,-6.3,SEA by 6.3,Pending,1365.7242754117933,1649.9105514630419,-284.18627605124857,-229.18627605124857,0.2109344031724193,0.0,0.0,0.0,0.0,No Upset Alert
2026,10,2026_10_SF_DAL,2026-11-15,Sunday,DAL,SF,SF,0.5938832550044952,Medium Confidence,False,0.4061167449955047,0.5938832550044952,-4.2,SF by 4.2,Pending,1486.7934366196766,1597.2070023164454,-110.41356569676873,-55.41356569676873,0.4209228566137943,0.0,0.0,0.0,1.0,No Upset Alert
2026,10,2026_10_PIT_CIN,2026-11-15,Sunday,CIN,PIT,CIN,0.5399568076516228,Low Confidence,True,0.5399568076516228,0.4600431923483772,0.6,CIN by 0.6,Pending,1510.6827520660263,1559.5909374672617,-48.908185401235414,6.091814598764586,0.5087659276461899,0.0,0.0,0.0,0.0,Upset Alert
2026,10,2026_10_LAC_BAL,2026-11-16,Monday,BAL,LAC,BAL,0.7346260848853402,High Confidence,False,0.7346260848853402,0.2653739151146598,9.3,BAL by 9.3,Pending,1594.4837820824612,1518.6032936045233,75.88048847793789,130.8804884779379,0.6799209738208867,0.0,0.0,0.0,-1.0,No Upset Alert
2026,11,2026_11_IND_HOU,2026-11-19,Thursday,HOU,IND,HOU,0.6263257991310954,Medium Confidence,False,0.6263257991310954,0.37367420086890457,7.0,HOU by 7.0,Pending,1553.2847913843,1447.1445070770042,106.14028430729581,161.14028430729581,0.7165877261677465,0.0,0.0,0.0,0.0,No Upset Alert
2026,11,2026_11_MIA_BUF,2026-11-22,Sunday,BUF,MIA,BUF,0.8344163862026152,High Confidence,False,0.8344163862026152,0.16558361379738484,14.8,BUF by 14.8,Pending,1666.8125429854726,1468.2468788679414,198.56566411753124,253.56566411753124,0.8114778057725333,0.0,0.0,0.0,-1.0,No Upset Alert
2026,11,2026_11_BAL_CAR,2026-11-22,Sunday,CAR,BAL,BAL,0.7162899878405609,High Confidence,False,0.2837100121594391,0.7162899878405609,-12.5,BAL by 12.5,Pending,1368.200056482147,1594.4837820824612,-226.28372560031426,-171.28372560031426,0.27170517490446416,0.0,0.0,0.0,1.0,No Upset Alert
2026,11,2026_11_NO_CHI,2026-11-22,Sunday,CHI,NO,CHI,0.7847959971436707,High Confidence,False,0.7847959971436707,0.21520400285632935,14.0,CHI by 14.0,Pending,1488.5599015189368,1413.5808702632128,74.97903125572407,129.97903125572407,0.6787906024050421,0.0,0.0,0.0,-1.0,No Upset Alert
2026,11,2026_11_TEN_DAL,2026-11-22,Sunday,DAL,TEN,DAL,0.7802583737463226,High Confidence,False,0.7802583737463226,0.21974162625367744,13.1,DAL by 13.1,Pending,1486.7934366196766,1318.9036346655528,167.88980195412387,222.88980195412387,0.7829696686661287,0.0,0.0,0.0,0.0,No Upset Alert
2026,11,2026_11_TB_DET,2026-11-22,Sunday,DET,TB,DET,0.7323463495314395,High Confidence,False,0.7323463495314395,0.2676536504685605,6.7,DET by 6.7,Pending,1597.022668811471,1489.5965901318486,107.42607867962238,162.42607867962238,0.7180885081164385,0.0,0.0,0.0,-1.0,No Upset Alert
2026,11,2026_11_ARI_KC,2026-11-22,Sunday,KC,ARI,KC,0.7455272703495271,High Confidence,False,0.7455272703495271,0.25447272965047285,7.4,KC by 7.4,Pending,1617.5671682215207,1372.3841196108895,245.1830486106312,300.1830486106312,0.8491554629737246,0.0,0.0,0.0,0.0,No Upset Alert
2026,11,2026_11_JAX_NYG,2026-11-22,Sunday,NYG,JAX,JAX,0.6646045096980158,High Confidence,False,0.3353954903019843,0.6646045096980158,-7.3,JAX by 7.3,Pending,1366.076830473565,1495.6206752912992,-129.54384481773423,-74.54384481773423,0.3943391465308154,0.0,0.0,0.0,0.0,No Upset Alert
2026,11,2026_11_NYJ_LAC,2026-11-22,Sunday,LAC,NYJ,LAC,0.6731790831304526,High Confidence,False,0.6731790831304526,0.3268209168695474,4.2,LAC by 4.2,Pending,1518.6032936045233,1346.7836486603633,171.81964494416002,226.81964494416002,0.7867891699475713,0.0,0.0,0.0,1.0,No Upset Alert
2026,11,2026_11_LV_DEN,2026-11-22,Sunday,DEN,LV,DEN,0.724905771358099,High Confidence,False,0.724905771358099,0.27509422864190103,3.9,DEN by 3.9,Pending,1573.5545009513073,1365.7242754117933,207.830225539514,262.830225539514,0.8195012984178661,0.0,0.0,0.0,1.0,No Upset Alert
2026,11,2026_11_PIT_PHI,2026-11-22,Sunday,PHI,PIT,PHI,0.6226826693391152,Medium Confidence,False,0.6226826693391152,0.3773173306608848,3.4,PHI by 3.4,Pending,1642.123207062876,1559.5909374672617,82.53226959561425,137.53226959561425,0.6881961048526951,0.0,0.0,0.0,0.0,No Upset Alert
2026,11,2026_11_MIN_SF,2026-11-22,Sunday,SF,MIN,SF,0.569944240464925,Low Confidence,False,0.569944240464925,0.430055759535075,2.5,SF by 2.5,Pending,1597.2070023164454,1581.336665023564,15.870337292881459,70.87033729288146,0.600599213409839,0.0,0.0,0.0,0.0,No Upset Alert
2026,11,2026_11_CIN_WAS,2026-11-23,Monday,WAS,CIN,CIN,0.5882116995473197,Medium Confidence,False,0.4117883004526804,0.5882116995473197,-2.0,CIN by 2.0,Pending,1452.7203756219874,1510.6827520660263,-57.96237644403891,-2.9623764440389095,0.49573690090807665,0.0,0.0,0.0,1.0,No Upset Alert
2026,12,2026_12_GB_LA,2026-11-25,Wednesday,LA,GB,LA,0.6380897588921489,Medium Confidence,False,0.6380897588921489,0.3619102411078511,5.0,LA by 5.0,Pending,1590.8900437830573,1544.9956926609625,45.894351122094804,100.8943511220948,0.6412502168761705,0.0,0.0,0.0,0.0,No Upset Alert
2026,12,2026_12_CHI_DET,2026-11-26,Thursday,DET,CHI,DET,0.5596214566776238,Low Confidence,False,0.5596214566776238,0.44037854332237625,-2.3,CHI by 2.3,Pending,1597.022668811471,1488.5599015189368,108.46276729253418,163.46276729253418,0.7192950117596832,0.0,0.0,0.0,0.0,No Upset Alert
2026,12,2026_12_PHI_DAL,2026-11-26,Thursday,DAL,PHI,PHI,0.5881659076869485,Medium Confidence,False,0.4118340923130515,0.5881659076869485,-3.9,PHI by 3.9,Pending,1486.7934366196766,1642.123207062876,-155.32977044319932,-100.32977044319932,0.35949778022087203,0.0,0.0,0.0,1.0,No Upset Alert
2026,12,2026_12_KC_BUF,2026-11-26,Thursday,BUF,KC,BUF,0.6579230857820025,High Confidence,False,0.6579230857820025,0.34207691421799746,1.4,BUF by 1.4,Pending,1666.8125429854726,1617.5671682215207,49.245374763951986,104.24537476395199,0.6456756645342778,0.0,0.0,0.0,0.0,No Upset Alert
2026,12,2026_12_DEN_PIT,2026-11-27,Friday,PIT,DEN,PIT,0.5745562899303973,Medium Confidence,False,0.5745562899303973,0.4254437100696027,2.5,PIT by 2.5,Pending,1559.5909374672617,1573.5545009513073,-13.963563484045608,41.03643651595439,0.5587830815586606,0.0,0.0,0.0,-1.0,No Upset Alert
2026,12,2026_12_NO_CIN,2026-11-29,Sunday,CIN,NO,CIN,0.6890611158134666,High Confidence,False,0.6890611158134666,0.31093888418653337,4.0,CIN by 4.0,Pending,1510.6827520660263,1413.5808702632128,97.10188180281352,152.10188180281352,0.7059031297002404,0.0,0.0,0.0,-1.0,No Upset Alert
2026,12,2026_12_LV_CLE,2026-11-29,Sunday,CLE,LV,CLE,0.5228411477957583,Toss-Up,False,0.5228411477957583,0.4771588522042417,-1.7,LV by 1.7,Pending,1407.3349528825318,1365.7242754117933,41.61067747073844,96.61067747073844,0.6355579601464847,0.0,0.0,0.0,1.0,No Upset Alert
2026,12,2026_12_BAL_HOU,2026-11-29,Sunday,HOU,BAL,BAL,0.5230021082501266,Toss-Up,False,0.4769978917498734,0.5230021082501266,0.6,HOU by 0.6,Pending,1553.2847913843,1594.4837820824612,-41.1989906981612,13.801009301838803,0.519850809316558,0.0,0.0,0.0,1.0,No Upset Alert
2026,12,2026_12_NYG_IND,2026-11-29,Sunday,IND,NYG,IND,0.6093600214328643,Medium Confidence,False,0.6093600214328643,0.3906399785671357,0.8,IND by 0.8,Pending,1447.1445070770042,1366.076830473565,81.06767660343917,136.06767660343917,0.6863841246722061,0.0,0.0,0.0,1.0,No Upset Alert
2026,12,2026_12_NYJ_MIA,2026-11-29,Sunday,MIA,NYJ,MIA,0.6059976076594518,Medium Confidence,True,0.6059976076594518,0.39400239234054824,1.6,MIA by 1.6,Pending,1468.2468788679414,1346.7836486603633,121.46323020757814,176.46323020757814,0.7341544657248843,0.0,0.0,0.0,1.0,Upset Alert
2026,12,2026_12_ATL_MIN,2026-11-29,Sunday,MIN,ATL,MIN,0.7435345291045435,High Confidence,False,0.7435345291045435,0.25646547089545646,8.9,MIN by 8.9,Pending,1581.336665023564,1441.3160380441423,140.02062697942165,195.02062697942165,0.7544760379461872,0.0,0.0,0.0,-1.0,No Upset Alert
2026,12,2026_12_TEN_JAX,2026-11-29,Sunday,JAX,TEN,JAX,0.8800484564186777,High Confidence,False,0.8800484564186777,0.11995154358132232,14.4,JAX by 14.4,Pending,1495.6206752912992,1318.9036346655528,176.71704062574645,231.71704062574645,0.7914801416400066,0.0,0.0,0.0,-1.0,No Upset Alert
2026,12,2026_12_WAS_ARI,2026-11-29,Sunday,ARI,WAS,ARI,0.5494976406357706,Low Confidence,False,0.5494976406357706,0.45050235936422944,-2.4,WAS by 2.4,Pending,1372.3841196108895,1452.7203756219874,-80.33625601109793,-25.33625601109793,0.4636026922648047,0.0,0.0,0.0,-1.0,No Upset Alert
2026,12,2026_12_SEA_SF,2026-11-29,Sunday,SF,SEA,SEA,0.5523427726062295,Low Confidence,False,0.44765722739377045,0.5523427726062295,-0.6,SEA by 0.6,Pending,1597.2070023164454,1649.9105514630419,-52.703549146596515,2.296450853403485,0.503304810311546,0.0,0.0,0.0,0.0,No Upset Alert
2026,12,2026_12_NE_LAC,2026-11-29,Sunday,LAC,NE,NE,0.5605458467760205,Low Confidence,False,0.4394541532239795,0.5605458467760205,-2.4,NE by 2.4,Pending,1518.6032936045233,1531.5619497019786,-12.958656097455332,42.04134390254467,0.5602087819766708,0.0,0.0,0.0,0.0,No Upset Alert
2026,12,2026_12_CAR_TB,2026-11-30,Monday,TB,CAR,TB,0.633589329786585,Medium Confidence,False,0.633589329786585,0.366410670213415,6.6,TB by 6.6,Pending,1489.5965901318486,1368.200056482147,121.39653364970172,176.39653364970172,0.7340795255033903,0.0,0.0,0.0,0.0,No Upset Alert
2026,13,2026_13_KC_LA,2026-12-03,Thursday,LA,KC,LA,0.5271442897330496,Toss-Up,True,0.5271442897330496,0.4728557102669504,-4.5,KC by 4.5,Pending,1590.8900437830573,1617.5671682215207,-26.677124438463352,28.322875561536648,0.5406698441419403,0.0,0.0,0.0,1.0,Upset Alert
2026,13,2026_13_DET_ATL,2026-12-06,Sunday,ATL,DET,DET,0.7195466217031088,High Confidence,False,0.28045337829689126,0.7195466217031088,-5.7,DET by 5.7,Pending,1441.3160380441423,1597.022668811471,-155.70663076732876,-100.70663076732876,0.358998412527032,0.0,0.0,0.0,1.0,No Upset Alert
2026,13,2026_13_JAX_CHI,2026-12-06,Sunday,CHI,JAX,CHI,0.5439127668201135,Low Confidence,True,0.5439127668201135,0.45608723317988653,-0.8,JAX by 0.8,Pending,1488.5599015189368,1495.6206752912992,-7.060773772362381,47.93922622763762,0.5685555776644922,0.0,0.0,0.0,0.0,Upset Alert
2026,13,2026_13_CIN_CLE,2026-12-06,Sunday,CLE,CIN,CIN,0.6835851435531068,High Confidence,False,0.31641485644689316,0.6835851435531068,-5.9,CIN by 5.9,Pending,1407.3349528825318,1510.6827520660263,-103.34779918349454,-48.347799183494544,0.4308675856432855,0.0,0.0,0.0,1.0,No Upset Alert
2026,13,2026_13_GB_NO,2026-12-06,Sunday,NO,GB,GB,0.5761937890969238,Medium Confidence,False,0.4238062109030762,0.5761937890969238,-2.2,GB by 2.2,Pending,1413.5808702632128,1544.9956926609625,-131.41482239774973,-76.41482239774973,0.3917697830794272,0.0,0.0,0.0,0.0,No Upset Alert
2026,13,2026_13_SF_NYG,2026-12-06,Sunday,NYG,SF,SF,0.6285617556552776,Medium Confidence,False,0.37143824434472245,0.6285617556552776,-3.3,SF by 3.3,Pending,1366.076830473565,1597.2070023164454,-231.13017184288037,-176.13017184288037,0.2662198928069505,0.0,0.0,0.0,0.0,No Upset Alert
2026,13,2026_13_LAC_TB,2026-12-06,Sunday,TB,LAC,TB,0.5620019473362342,Low Confidence,False,0.5620019473362342,0.4379980526637658,2.1,TB by 2.1,Pending,1489.5965901318486,1518.6032936045233,-29.006703472674644,25.993296527325356,0.5373377239038115,0.0,0.0,0.0,0.0,No Upset Alert
2026,13,2026_13_WAS_TEN,2026-12-06,Sunday,TEN,WAS,WAS,0.632900006048541,Medium Confidence,False,0.3670999939514589,0.632900006048541,-5.5,WAS by 5.5,Pending,1318.9036346655528,1452.7203756219874,-133.81674095643461,-78.81674095643461,0.3884800809162405,0.0,0.0,0.0,0.0,No Upset Alert
2026,13,2026_13_PHI_ARI,2026-12-06,Sunday,ARI,PHI,PHI,0.6649297967567179,High Confidence,False,0.33507020324328207,0.6649297967567179,-2.4,PHI by 2.4,Pending,1372.3841196108895,1642.123207062876,-269.7390874519865,-214.7390874519865,0.22510901584424642,0.0,0.0,0.0,0.0,No Upset Alert
2026,13,2026_13_MIA_DEN,2026-12-06,Sunday,DEN,MIA,DEN,0.6788306209051791,High Confidence,False,0.6788306209051791,0.3211693790948209,5.5,DEN by 5.5,Pending,1573.5545009513073,1468.2468788679414,105.30762208336591,160.3076220833659,0.7156132688034547,0.0,0.0,0.0,0.0,No Upset Alert
2026,13,2026_13_CAR_MIN,2026-12-06,Sunday,MIN,CAR,MIN,0.746922632866984,High Confidence,False,0.746922632866984,0.253077367133016,6.9,MIN by 6.9,Pending,1581.336665023564,1368.200056482147,213.136608541417,268.136608541417,0.8239756142509905,0.0,0.0,0.0,-1.0,No Upset Alert
2026,13,2026_13_BUF_NE,2026-12-06,Sunday,NE,BUF,BUF,0.6233199598284132,Medium Confidence,False,0.37668004017158685,0.6233199598284132,-1.4,BUF by 1.4,Pending,1531.5619497019786,1666.8125429854726,-135.25059328349403,-80.25059328349403,0.38652106732477626,0.0,0.0,0.0,1.0,No Upset Alert
2026,13,2026_13_HOU_PIT,2026-12-06,Sunday,PIT,HOU,PIT,0.5054836908726165,Toss-Up,False,0.5054836908726165,0.49451630912738354,-0.9,HOU by 0.9,Pending,1559.5909374672617,1553.2847913843,6.306146082961732,61.30614608296173,0.5873222306588447,0.0,0.0,0.0,-1.0,No Upset Alert
2026,13,2026_13_DAL_SEA,2026-12-07,Monday,SEA,DAL,SEA,0.7625935111885779,High Confidence,False,0.7625935111885779,0.23740648881142212,7.4,SEA by 7.4,Pending,1649.9105514630419,1486.7934366196766,163.11711484336524,218.11711484336524,0.7782648162012165,0.0,0.0,0.0,-1.0,No Upset Alert
2026,14,2026_14_MIN_NE,2026-12-10,Thursday,NE,MIN,NE,0.5082227854211708,Toss-Up,False,0.5082227854211708,0.49177721457882917,0.2,NE by 0.2,Pending,1531.5619497019786,1581.336665023564,-49.77471532158529,5.22528467841471,0.507519222216459,0.0,0.0,0.0,1.0,No Upset Alert
2026,14,2026_14_TB_BAL,2026-12-13,Sunday,BAL,TB,BAL,0.723806581238104,High Confidence,False,0.723806581238104,0.27619341876189596,9.1,BAL by 9.1,Pending,1594.4837820824612,1489.5965901318486,104.88719195061253,159.88719195061253,0.7151204767237523,0.0,0.0,0.0,-1.0,No Upset Alert
2026,14,2026_14_NO_CAR,2026-12-13,Sunday,CAR,NO,CAR,0.5428202703960194,Low Confidence,True,0.5428202703960194,0.45717972960398057,-1.4,NO by 1.4,Pending,1368.200056482147,1413.5808702632128,-45.380813781065854,9.619186218934146,0.5138395857835221,0.0,0.0,0.0,0.0,Upset Alert
2026,14,2026_14_ATL_CLE,2026-12-13,Sunday,CLE,ATL,ATL,0.5434926014470984,Low Confidence,False,0.45650739855290157,0.5434926014470984,-2.4,ATL by 2.4,Pending,1407.3349528825318,1441.3160380441423,-33.98108516161051,21.01891483838949,0.5302118013507829,0.0,0.0,0.0,0.0,No Upset Alert
2026,14,2026_14_TEN_DET,2026-12-13,Sunday,DET,TEN,DET,0.8799503022323621,High Confidence,False,0.8799503022323621,0.12004969776763785,15.5,DET by 15.5,Pending,1597.022668811471,1318.9036346655528,278.11903414591825,333.11903414591825,0.8718691452655387,0.0,0.0,0.0,-1.0,No Upset Alert
2026,14,2026_14_CHI_MIA,2026-12-13,Sunday,MIA,CHI,CHI,0.7154960713549073,High Confidence,False,0.28450392864509266,0.7154960713549073,-9.2,CHI by 9.2,Pending,1468.2468788679414,1488.5599015189368,-20.313022650995435,34.686977349004565,0.5497533779787699,0.0,0.0,0.0,1.0,No Upset Alert
2026,14,2026_14_DEN_NYJ,2026-12-13,Sunday,NYJ,DEN,DEN,0.6442777345605732,Medium Confidence,False,0.3557222654394268,0.6442777345605732,-7.0,DEN by 7.0,Pending,1346.7836486603633,1573.5545009513073,-226.77085229094405,-171.77085229094405,0.2711506455498934,0.0,0.0,0.0,-1.0,No Upset Alert
2026,14,2026_14_IND_PHI,2026-12-13,Sunday,PHI,IND,PHI,0.6532160400316999,High Confidence,False,0.6532160400316999,0.34678395996830014,6.1,PHI by 6.1,Pending,1642.123207062876,1447.1445070770042,194.9786999858718,249.9786999858718,0.8082986741876302,0.0,0.0,0.0,-1.0,No Upset Alert
2026,14,2026_14_HOU_WAS,2026-12-13,Sunday,WAS,HOU,HOU,0.6384765359234237,Medium Confidence,False,0.3615234640765764,0.6384765359234237,-5.4,HOU by 5.4,Pending,1452.7203756219874,1553.2847913843,-100.56441576231259,-45.56441576231259,0.4348008931256835,0.0,0.0,0.0,0.0,No Upset Alert
2026,14,2026_14_LAC_LV,2026-12-13,Sunday,LV,LAC,LAC,0.5846134804225118,Medium Confidence,False,0.41538651957748823,0.5846134804225118,-6.9,LAC by 6.9,Pending,1365.7242754117933,1518.6032936045233,-152.87901819272997,-97.87901819272997,0.3627525961831527,0.0,0.0,0.0,-1.0,No Upset Alert
2026,14,2026_14_KC_CIN,2026-12-13,Sunday,CIN,KC,KC,0.5408427779311393,Low Confidence,False,0.4591572220688607,0.5408427779311393,-3.1,KC by 3.1,Pending,1510.6827520660263,1617.5671682215207,-106.88441615549436,-51.884416155494364,0.4258824717790837,0.0,0.0,0.0,0.0,No Upset Alert
2026,14,2026_14_NYG_SEA,2026-12-13,Sunday,SEA,NYG,SEA,0.7837180518186195,High Confidence,False,0.7837180518186195,0.21628194818138047,8.5,SEA by 8.5,Pending,1649.9105514630419,1366.076830473565,283.8337209894769,338.8337209894769,0.8754993734205647,0.0,0.0,0.0,0.0,No Upset Alert
2026,14,2026_14_LA_SF,2026-12-13,Sunday,SF,LA,SF,0.5723989097524146,Medium Confidence,False,0.5723989097524146,0.4276010902475854,2.4,SF by 2.4,Pending,1597.2070023164454,1590.8900437830573,6.3169585333880605,61.31695853338806,0.5873373163419333,0.0,0.0,0.0,-1.0,No Upset Alert
2026,14,2026_14_BUF_GB,2026-12-13,Sunday,GB,BUF,BUF,0.672765611312293,High Confidence,False,0.32723438868770705,0.672765611312293,-5.7,BUF by 5.7,Pending,1544.9956926609625,1666.8125429854726,-121.81685032451014,-66.81685032451014,0.4050109956511281,0.0,0.0,0.0,1.0,No Upset Alert
2026,14,2026_14_PIT_JAX,2026-12-14,Monday,JAX,PIT,JAX,0.6631373075163433,High Confidence,False,0.6631373075163433,0.33686269248365674,6.7,JAX by 6.7,Pending,1495.6206752912992,1559.5909374672617,-63.97026217596249,-8.970262175962489,0.4870936226664818,0.0,0.0,0.0,0.0,No Upset Alert
2026,15,2026_15_SF_LAC,2026-12-17,Thursday,LAC,SF,SF,0.6207118648668564,Medium Confidence,False,0.3792881351331436,0.6207118648668564,-5.6,SF by 5.6,Pending,1518.6032936045233,1597.2070023164454,-78.60370871192208,-23.60370871192208,0.46608369597420124,0.0,0.0,0.0,1.0,No Upset Alert
2026,15,2026_15_SEA_PHI,2026-12-19,Saturday,PHI,SEA,SEA,0.5578775720404296,Low Confidence,False,0.4421224279595703,0.5578775720404296,-1.1,SEA by 1.1,Pending,1642.123207062876,1649.9105514630419,-7.787344400165921,47.21265559983408,0.5675293228003081,0.0,0.0,0.0,0.0,No Upset Alert
2026,15,2026_15_CHI_BUF,2026-12-19,Saturday,BUF,CHI,BUF,0.6230271507575647,Medium Confidence,False,0.6230271507575647,0.37697284924243535,2.3,BUF by 2.3,Pending,1666.8125429854726,1488.5599015189368,178.2526414665358,233.2526414665358,0.7929352693405852,0.0,0.0,0.0,0.0,No Upset Alert
2026,15,2026_15_CIN_CAR,2026-12-20,Sunday,CAR,CIN,CIN,0.6061638665717906,Medium Confidence,False,0.3938361334282094,0.6061638665717906,-2.2,CIN by 2.2,Pending,1368.200056482147,1510.6827520660263,-142.48269558387938,-87.48269558387938,0.3766971712275239,0.0,0.0,0.0,1.0,No Upset Alert
2026,15,2026_15_MIA_GB,2026-12-20,Sunday,GB,MIA,GB,0.6722729224545569,High Confidence,False,0.6722729224545569,0.32772707754544306,5.8,GB by 5.8,Pending,1544.9956926609625,1468.2468788679414,76.7488137930211,131.7488137930211,0.6810078060599075,0.0,0.0,0.0,0.0,No Upset Alert
2026,15,2026_15_JAX_HOU,2026-12-20,Sunday,HOU,JAX,JAX,0.5274183672417609,Toss-Up,False,0.472581632758239,0.5274183672417609,-2.6,JAX by 2.6,Pending,1553.2847913843,1495.6206752912992,57.66411609300076,112.66411609300076,0.6566829094444692,0.0,0.0,0.0,1.0,No Upset Alert
2026,15,2026_15_CLE_NYG,2026-12-20,Sunday,NYG,CLE,NYG,0.6900715062197164,High Confidence,False,0.6900715062197164,0.30992849378028364,8.6,NYG by 8.6,Pending,1366.076830473565,1407.3349528825318,-41.258122408966756,13.741877591033244,0.5197658455029418,0.0,0.0,0.0,-1.0,No Upset Alert
2026,15,2026_15_BAL_PIT,2026-12-20,Sunday,PIT,BAL,BAL,0.5663985712350288,Low Confidence,False,0.43360142876497126,0.5663985712350288,-2.3,BAL by 2.3,Pending,1559.5909374672617,1594.4837820824612,-34.892844615199465,20.107155384800535,0.5289042602829926,0.0,0.0,0.0,0.0,No Upset Alert
2026,15,2026_15_NO_TB,2026-12-20,Sunday,TB,NO,TB,0.6287702749293309,Medium Confidence,False,0.6287702749293309,0.3712297250706691,3.2,TB by 3.2,Pending,1489.5965901318486,1413.5808702632128,76.01571986863587,131.01571986863587,0.6800903639199002,0.0,0.0,0.0,0.0,No Upset Alert
2026,15,2026_15_IND_TEN,2026-12-20,Sunday,TEN,IND,IND,0.7281665003012023,High Confidence,False,0.2718334996987976,0.7281665003012023,-7.7,IND by 7.7,Pending,1318.9036346655528,1447.1445070770042,-128.2408724114514,-73.24087241145139,0.3961319496289203,0.0,0.0,0.0,0.0,No Upset Alert
2026,15,2026_15_ATL_WAS,2026-12-20,Sunday,WAS,ATL,WAS,0.5594705359774499,Low Confidence,False,0.5594705359774499,0.4405294640225501,2.6,WAS by 2.6,Pending,1452.7203756219874,1441.3160380441423,11.404337577845126,66.40433757784513,0.5944166478855383,0.0,0.0,0.0,0.0,No Upset Alert
2026,15,2026_15_NYJ_ARI,2026-12-20,Sunday,ARI,NYJ,ARI,0.6246082726406865,Medium Confidence,False,0.6246082726406865,0.3753917273593135,4.8,ARI by 4.8,Pending,1372.3841196108895,1346.7836486603633,25.600470950526187,80.60047095052619,0.6139564018599826,0.0,0.0,0.0,0.0,No Upset Alert
2026,15,2026_15_DAL_LA,2026-12-20,Sunday,LA,DAL,LA,0.6624026585908777,High Confidence,False,0.6624026585908777,0.33759734140912234,5.9,LA by 5.9,Pending,1590.8900437830573,1486.7934366196766,104.09660716338067,159.09660716338067,0.7141924312997315,0.0,0.0,0.0,0.0,No Upset Alert
2026,15,2026_15_DEN_LV,2026-12-20,Sunday,LV,DEN,DEN,0.6443497368585429,Medium Confidence,False,0.35565026314145703,0.6443497368585429,-8.2,DEN by 8.2,Pending,1365.7242754117933,1573.5545009513073,-207.830225539514,-152.830225539514,0.2932272048773379,0.0,0.0,0.0,-1.0,No Upset Alert
2026,15,2026_15_DET_MIN,2026-12-20,Sunday,MIN,DET,DET,0.5163573328640924,Toss-Up,False,0.48364266713590764,0.5163573328640924,2.1,MIN by 2.1,Pending,1581.336665023564,1597.022668811471,-15.686003787907111,39.31399621209289,0.5563371465024401,0.0,0.0,0.0,0.0,No Upset Alert
2026,15,2026_15_NE_KC,2026-12-21,Monday,KC,NE,KC,0.607357157089618,Medium Confidence,False,0.607357157089618,0.392642842910382,3.5,KC by 3.5,Pending,1617.5671682215207,1531.5619497019786,86.00521851954204,141.00521851954204,0.6924697898415356,0.0,0.0,0.0,-1.0,No Upset Alert
2026,16,2026_16_HOU_PHI,2026-12-24,Thursday,PHI,HOU,PHI,0.5806073477494054,Medium Confidence,False,0.5806073477494054,0.41939265225059463,2.0,PHI by 2.0,Pending,1642.123207062876,1553.2847913843,88.83841567857598,143.83841567857598,0.6959319757800312,0.0,0.0,0.0,-1.0,No Upset Alert
2026,16,2026_16_GB_CHI,2026-12-25,Friday,CHI,GB,CHI,0.6882902457041891,High Confidence,False,0.6882902457041891,0.31170975429581094,9.9,CHI by 9.9,Pending,1488.5599015189368,1544.9956926609625,-56.435791142025664,-1.4357911420256642,0.4979337422122447,0.0,0.0,0.0,-1.0,No Upset Alert
2026,16,2026_16_BUF_DEN,2026-12-25,Friday,DEN,BUF,BUF,0.665597462382733,High Confidence,False,0.33440253761726696,0.665597462382733,-6.9,BUF by 6.9,Pending,1573.5545009513073,1666.8125429854726,-93.25804203416533,-38.25804203416533,0.4451637104742837,0.0,0.0,0.0,1.0,No Upset Alert
2026,16,2026_16_LA_SEA,2026-12-25,Friday,SEA,LA,SEA,0.6675463590280302,High Confidence,False,0.6675463590280302,0.33245364097196983,6.3,SEA by 6.3,Pending,1649.9105514630419,1590.8900437830573,59.020507679984576,114.02050767998458,0.6584410708180195,0.0,0.0,0.0,-1.0,No Upset Alert
2026,16,2026_16_TB_ATL,2026-12-27,Sunday,ATL,TB,TB,0.5319252332113226,Low Confidence,False,0.46807476678867743,0.5319252332113226,0.8,ATL by 0.8,Pending,1441.3160380441423,1489.5965901318486,-48.28055208770638,6.719447912293617,0.5096688573879239,0.0,0.0,0.0,0.0,No Upset Alert
2026,16,2026_16_CLE_BAL,2026-12-27,Sunday,BAL,CLE,BAL,0.8383796120682075,High Confidence,False,0.8383796120682075,0.16162038793179245,14.6,BAL by 14.6,Pending,1594.4837820824612,1407.3349528825318,187.14882919992942,242.14882919992942,0.8012174247288538,0.0,0.0,0.0,-1.0,No Upset Alert
2026,16,2026_16_CIN_IND,2026-12-27,Sunday,IND,CIN,IND,0.5209677228941915,Toss-Up,True,0.5209677228941915,0.47903227710580853,1.1,IND by 1.1,Pending,1447.1445070770042,1510.6827520660263,-63.53824498902213,-8.538244989022132,0.4877149507451888,0.0,0.0,0.0,1.0,Upset Alert
2026,16,2026_16_LAC_MIA,2026-12-27,Sunday,MIA,LAC,LAC,0.5258402029497804,Toss-Up,False,0.4741597970502196,0.5258402029497804,-1.3,LAC by 1.3,Pending,1468.2468788679414,1518.6032936045233,-50.35641473658188,4.643585263418117,0.5066822584957584,0.0,0.0,0.0,0.0,No Upset Alert
2026,16,2026_16_WAS_MIN,2026-12-27,Sunday,MIN,WAS,MIN,0.7357745813449624,High Confidence,False,0.7357745813449624,0.26422541865503757,8.9,MIN by 8.9,Pending,1581.336665023564,1452.7203756219874,128.61628940157652,183.61628940157652,0.7421130591027991,0.0,0.0,0.0,-1.0,No Upset Alert
2026,16,2026_16_ARI_NO,2026-12-27,Sunday,NO,ARI,NO,0.5360997224450493,Low Confidence,False,0.5360997224450493,0.46390027755495067,1.8,NO by 1.8,Pending,1413.5808702632128,1372.3841196108895,41.19675065232332,96.19675065232332,0.6350058789077939,0.0,0.0,0.0,1.0,No Upset Alert
2026,16,2026_16_NE_NYJ,2026-12-27,Sunday,NYJ,NE,NE,0.6861867238791831,High Confidence,False,0.3138132761208169,0.6861867238791831,-10.5,NE by 10.5,Pending,1346.7836486603633,1531.5619497019786,-184.77830104161535,-129.77830104161535,0.3214613869481558,0.0,0.0,0.0,-1.0,No Upset Alert
2026,16,2026_16_CAR_PIT,2026-12-27,Sunday,PIT,CAR,PIT,0.698994215511669,High Confidence,False,0.698994215511669,0.30100578448833104,7.5,PIT by 7.5,Pending,1559.5909374672617,1368.200056482147,191.3908809851148,246.3908809851148,0.805078036944297,0.0,0.0,0.0,-1.0,No Upset Alert
2026,16,2026_16_TEN_LV,2026-12-27,Sunday,LV,TEN,LV,0.652288849974329,High Confidence,False,0.652288849974329,0.347711150025671,5.6,LV by 5.6,Pending,1365.7242754117933,1318.9036346655528,46.82064074624054,101.82064074624054,0.642475943634984,0.0,0.0,0.0,-1.0,No Upset Alert
2026,16,2026_16_SF_KC,2026-12-27,Sunday,KC,SF,KC,0.5475475671193438,Low Confidence,False,0.5475475671193438,0.4524524328806562,2.3,KC by 2.3,Pending,1617.5671682215207,1597.2070023164454,20.36016590507529,75.36016590507529,0.6067826129039526,0.0,0.0,0.0,0.0,No Upset Alert
2026,16,2026_16_JAX_DAL,2026-12-27,Sunday,DAL,JAX,JAX,0.6295584011608724,Medium Confidence,False,0.37044159883912764,0.6295584011608724,-4.7,JAX by 4.7,Pending,1486.7934366196766,1495.6206752912992,-8.827238671622581,46.17276132837742,0.5660595028045102,0.0,0.0,0.0,1.0,No Upset Alert
2026,16,2026_16_NYG_DET,2026-12-28,Monday,DET,NYG,DET,0.745573832501819,High Confidence,False,0.745573832501819,0.25442616749818103,5.6,DET by 5.6,Pending,1597.022668811471,1366.076830473565,230.94583833790603,285.945838337906,0.8383546606826104,0.0,0.0,0.0,0.0,No Upset Alert
2026,17,2026_17_BAL_CIN,2026-12-31,Thursday,CIN,BAL,BAL,0.5755111399093502,Medium Confidence,False,0.42448886009064984,0.5755111399093502,-3.6,BAL by 3.6,Pending,1510.6827520660263,1594.4837820824612,-83.80103001643488,-28.80103001643488,0.45864666592520925,0.0,0.0,0.0,0.0,No Upset Alert
2026,17,2026_17_NO_ATL,2027-01-03,Sunday,ATL,NO,ATL,0.5509277027449073,Low Confidence,True,0.5509277027449073,0.4490722972550927,1.7,ATL by 1.7,Pending,1441.3160380441423,1413.5808702632128,27.735167780929487,82.73516778092949,0.616864791586448,0.0,0.0,0.0,0.0,Upset Alert
2026,17,2026_17_SEA_CAR,2027-01-03,Sunday,CAR,SEA,SEA,0.7666874383073113,High Confidence,False,0.23331256169268866,0.7666874383073113,-5.8,SEA by 5.8,Pending,1368.200056482147,1649.9105514630419,-281.71049498089496,-226.71049498089496,0.21331625057769274,0.0,0.0,0.0,1.0,No Upset Alert
2026,17,2026_17_IND_CLE,2027-01-03,Sunday,CLE,IND,IND,0.6585847850195908,High Confidence,False,0.34141521498040917,0.6585847850195908,-1.5,IND by 1.5,Pending,1407.3349528825318,1447.1445070770042,-39.80955419447241,15.190445805527588,0.5218468898746021,0.0,0.0,0.0,0.0,No Upset Alert
2026,17,2026_17_NYG_DAL,2027-01-03,Sunday,DAL,NYG,DAL,0.5849667209571052,Medium Confidence,False,0.5849667209571052,0.4150332790428948,-1.6,NYG by 1.6,Pending,1486.7934366196766,1366.076830473565,120.71660614611164,175.71660614611164,0.7333147909477234,0.0,0.0,0.0,1.0,No Upset Alert
2026,17,2026_17_WAS_JAX,2027-01-03,Sunday,JAX,WAS,JAX,0.7802223413464654,High Confidence,False,0.7802223413464654,0.2197776586535346,7.9,JAX by 7.9,Pending,1495.6206752912992,1452.7203756219874,42.900299669311835,97.90029966931183,0.6372757222197518,0.0,0.0,0.0,-1.0,No Upset Alert
2026,17,2026_17_KC_LAC,2027-01-03,Sunday,LAC,KC,KC,0.6192877913045647,Medium Confidence,False,0.3807122086954353,0.6192877913045647,-5.3,KC by 5.3,Pending,1518.6032936045233,1617.5671682215207,-98.96387461699737,-43.96387461699737,0.4370664362006182,0.0,0.0,0.0,1.0,No Upset Alert
2026,17,2026_17_BUF_MIA,2027-01-03,Sunday,MIA,BUF,BUF,0.7757771363805324,High Confidence,False,0.22422286361946764,0.7757771363805324,-8.3,BUF by 8.3,Pending,1468.2468788679414,1666.8125429854726,-198.56566411753124,-143.56566411753124,0.3044003729464458,0.0,0.0,0.0,1.0,No Upset Alert
2026,17,2026_17_DEN_NE,2027-01-03,Sunday,NE,DEN,NE,0.5941875865105875,Medium Confidence,False,0.5941875865105875,0.40581241348941255,3.3,NE by 3.3,Pending,1531.5619497019786,1573.5545009513073,-41.9925512493287,13.007448750671301,0.5187104825410735,0.0,0.0,0.0,0.0,No Upset Alert
2026,17,2026_17_MIN_NYJ,2027-01-03,Sunday,NYJ,MIN,MIN,0.7193645764471575,High Confidence,False,0.2806354235528425,0.7193645764471575,-6.1,MIN by 6.1,Pending,1346.7836486603633,1581.336665023564,-234.55301636320064,-179.55301636320064,0.26238865214960344,0.0,0.0,0.0,0.0,No Upset Alert
2026,17,2026_17_LA_TB,2027-01-03,Sunday,TB,LA,LA,0.5856239014860787,Medium Confidence,False,0.41437609851392126,0.5856239014860787,-3.4,LA by 3.4,Pending,1489.5965901318486,1590.8900437830573,-101.29345365120867,-46.293453651208665,0.433769846657505,0.0,0.0,0.0,0.0,No Upset Alert
2026,17,2026_17_PIT_TEN,2027-01-03,Sunday,TEN,PIT,PIT,0.7552207178040902,High Confidence,False,0.24477928219590983,0.7552207178040902,-6.8,PIT by 6.8,Pending,1318.9036346655528,1559.5909374672617,-240.68730280170894,-185.68730280170894,0.2556119421643373,0.0,0.0,0.0,1.0,No Upset Alert
2026,17,2026_17_LV_ARI,2027-01-03,Sunday,ARI,LV,ARI,0.6242591236388956,Medium Confidence,False,0.6242591236388956,0.3757408763611044,2.6,ARI by 2.6,Pending,1372.3841196108895,1365.7242754117933,6.659844199096142,61.65984419909614,0.5878156300401728,0.0,0.0,0.0,0.0,No Upset Alert
2026,17,2026_17_DET_CHI,2027-01-03,Sunday,CHI,DET,CHI,0.5370366915872856,Low Confidence,True,0.5370366915872856,0.4629633084127144,-2.0,DET by 2.0,Pending,1488.5599015189368,1597.022668811471,-108.46276729253418,-53.46276729253418,0.42366246371823163,0.0,0.0,0.0,0.0,Upset Alert
2026,17,2026_17_PHI_SF,2027-01-03,Sunday,SF,PHI,SF,0.5546932233465204,Low Confidence,False,0.5546932233465204,0.4453067766534796,2.7,SF by 2.7,Pending,1597.2070023164454,1642.123207062876,-44.916204746430594,10.083795253569406,0.5145076745459662,0.0,0.0,0.0,0.0,No Upset Alert
2026,17,2026_17_HOU_GB,2027-01-04,Monday,GB,HOU,HOU,0.5284200221826654,Toss-Up,False,0.4715799778173347,0.5284200221826654,-2.2,HOU by 2.2,Pending,1544.9956926609625,1553.2847913843,-8.289098723337474,46.710901276662526,0.5668202738698535,0.0,0.0,0.0,0.0,No Upset Alert
2026,18,2026_18_SF_ARI,2027-01-10,Sunday,ARI,SF,SF,0.671468384760004,High Confidence,False,0.3285316152399959,0.671468384760004,-5.3,SF by 5.3,Pending,1372.3841196108895,1597.2070023164454,-224.8228827055559,-169.8228827055559,0.2733724080603756,0.0,0.0,0.0,0.0,No Upset Alert
2026,18,2026_18_PIT_BAL,2027-01-10,Sunday,BAL,PIT,BAL,0.6594317191425311,High Confidence,False,0.6594317191425311,0.34056828085746893,4.7,BAL by 4.7,Pending,1594.4837820824612,1559.5909374672617,34.892844615199465,89.89284461519946,0.6265547632542396,0.0,0.0,0.0,0.0,No Upset Alert
2026,18,2026_18_NYJ_BUF,2027-01-10,Sunday,BUF,NYJ,BUF,0.860482159944975,High Confidence,False,0.860482159944975,0.139517840055025,13.9,BUF by 13.9,Pending,1666.8125429854726,1346.7836486603633,320.0288943251094,375.0288943251094,0.8964919432822223,0.0,0.0,0.0,0.0,No Upset Alert
2026,18,2026_18_ATL_CAR,2027-01-10,Sunday,CAR,ATL,CAR,0.5408447220918206,Low Confidence,False,0.5408447220918206,0.45915527790817945,-2.8,ATL by 2.8,Pending,1368.200056482147,1441.3160380441423,-73.11598156199534,-18.11598156199534,0.47395260830922986,0.0,0.0,0.0,0.0,No Upset Alert
2026,18,2026_18_CLE_CIN,2027-01-10,Sunday,CIN,CLE,CIN,0.7611297995536731,High Confidence,False,0.7611297995536731,0.2388702004463269,11.4,CIN by 11.4,Pending,1510.6827520660263,1407.3349528825318,103.34779918349454,158.34779918349454,0.713311756407549,0.0,0.0,0.0,-1.0,No Upset Alert
2026,18,2026_18_LAC_DEN,2027-01-10,Sunday,DEN,LAC,DEN,0.6111061860697364,Medium Confidence,False,0.6111061860697364,0.38889381393026357,2.7,DEN by 2.7,Pending,1573.5545009513073,1518.6032936045233,54.95120734678403,109.95120734678403,0.6531535398449604,0.0,0.0,0.0,0.0,No Upset Alert
2026,18,2026_18_DET_GB,2027-01-10,Sunday,GB,DET,DET,0.6098211289581377,Medium Confidence,False,0.3901788710418623,0.6098211289581377,-2.4,DET by 2.4,Pending,1544.9956926609625,1597.022668811471,-52.02697615050852,2.973023849491483,0.5042784208221758,0.0,0.0,0.0,1.0,No Upset Alert
2026,18,2026_18_TEN_HOU,2027-01-10,Sunday,HOU,TEN,HOU,0.8420100021388657,High Confidence,False,0.8420100021388657,0.15798999786113432,15.9,HOU by 15.9,Pending,1553.2847913843,1318.9036346655528,234.3811567187472,289.3811567187472,0.8410166321171542,0.0,0.0,0.0,0.0,No Upset Alert
2026,18,2026_18_JAX_IND,2027-01-10,Sunday,IND,JAX,JAX,0.6066417634234049,Medium Confidence,False,0.393358236576595,0.6066417634234049,-6.4,JAX by 6.4,Pending,1447.1445070770042,1495.6206752912992,-48.47616821429506,6.523831785704942,0.5093874453895536,0.0,0.0,0.0,1.0,No Upset Alert
2026,18,2026_18_LV_KC,2027-01-10,Sunday,KC,LV,KC,0.7995434811538227,High Confidence,False,0.7995434811538227,0.20045651884617732,9.1,KC by 9.1,Pending,1617.5671682215207,1365.7242754117933,251.84289280972735,306.84289280972735,0.8540006365239967,0.0,0.0,0.0,0.0,No Upset Alert
2026,18,2026_18_SEA_LA,2027-01-10,Sunday,LA,SEA,SEA,0.5756061326077031,Medium Confidence,False,0.42439386739229684,0.5756061326077031,-2.6,SEA by 2.6,Pending,1590.8900437830573,1649.9105514630419,-59.020507679984576,-4.020507679984576,0.4942142825965686,0.0,0.0,0.0,1.0,No Upset Alert
2026,18,2026_18_CHI_MIN,2027-01-10,Sunday,MIN,CHI,CHI,0.5053441798591249,Toss-Up,False,0.494655820140875,0.5053441798591249,2.4,MIN by 2.4,Pending,1581.336665023564,1488.5599015189368,92.77676350462707,147.77676350462707,0.7007079716553897,0.0,0.0,0.0,0.0,No Upset Alert
2026,18,2026_18_MIA_NE,2027-01-10,Sunday,NE,MIA,NE,0.7183289685025949,High Confidence,False,0.7183289685025949,0.28167103149740513,6.1,NE by 6.1,Pending,1531.5619497019786,1468.2468788679414,63.315070834037215,118.31507083403721,0.6639788731586265,0.0,0.0,0.0,0.0,No Upset Alert
2026,18,2026_18_TB_NO,2027-01-10,Sunday,NO,TB,TB,0.5339048823038188,Low Confidence,False,0.46609511769618117,0.5339048823038188,-1.0,TB by 1.0,Pending,1413.5808702632128,1489.5965901318486,-76.01571986863587,-21.01571986863587,0.4697927797957415,0.0,0.0,0.0,0.0,No Upset Alert
2026,18,2026_18_PHI_NYG,2027-01-10,Sunday,NYG,PHI,PHI,0.6215583096125604,Medium Confidence,False,0.3784416903874396,0.6215583096125604,2.7,NYG by 2.7,Pending,1366.076830473565,1642.123207062876,-276.04637658931097,-221.04637658931097,0.21883895656837454,0.0,0.0,0.0,0.0,No Upset Alert
2026,18,2026_18_DAL_WAS,2027-01-10,Sunday,WAS,DAL,DAL,0.5364734502207753,Low Confidence,False,0.4635265497792247,0.5364734502207753,1.3,WAS by 1.3,Pending,1452.7203756219874,1486.7934366196766,-34.073060997689254,20.926939002310746,0.5300799186381645,0.0,0.0,0.0,0.0,No Upset Alert
