season,week,game_id,gameday,weekday,home_team,away_team,predicted_winner,home_win_probability,away_win_probability,predicted_home_margin,predicted_margin_text,status,home_elo_before,away_elo_before,elo_diff,home_elo_with_hfa_diff,elo_home_win_prob,home_strength_of_schedule_before,away_strength_of_schedule_before,strength_of_schedule_diff,current_opponent_win_pct_diff
2026,1,2026_01_NE_SEA,2026-09-09,Wednesday,SEA,NE,SEA,0.6929966066258179,0.30700339337418214,5.9,SEA by 5.9,Pending,1644.2636650752254,1537.208836089795,107.05482898543028,162.05482898543028,0.7176556806091808,0.524311759791636,0.45141366488115714,0.07289809491047888,-0.04047619047619044
2026,1,2026_01_SF_LA,2026-09-10,Thursday,LA,SF,LA,0.6567548747013152,0.3432451252986848,5.2,LA by 5.2,Pending,1602.9556527783745,1585.1413933211281,17.814259457246408,72.81425945724641,0.6032804497658605,0.5375275197798418,0.5193208770119313,0.018206642767910508,-0.015789473684210464
2026,1,2026_01_CHI_CAR,2026-09-13,Sunday,CAR,CHI,CHI,0.35977327107608903,0.640226728923911,-4.0,CHI by 4.0,Pending,1376.8240711220988,1479.935886878985,-103.11181575688624,-48.111815756886244,0.4312007319975948,0.5230484981516973,0.4608820813644017,0.06216641678729562,0.1871345029239766
2026,1,2026_01_TB_CIN,2026-09-13,Sunday,CIN,TB,CIN,0.6031527036072019,0.39684729639279814,2.3,CIN by 2.3,Pending,1502.3781052097193,1497.9012369881557,4.476868221563564,59.476868221563564,0.5847676571846501,0.5059447927777923,0.5207842270034949,-0.014839434225702663,0.11764705882352938
2026,1,2026_01_NO_DET,2026-09-13,Sunday,DET,NO,DET,0.7381295621158613,0.26187043788413866,9.4,DET by 9.4,Pending,1592.8202590447809,1417.783280029903,175.03697901487794,230.03697901487794,0.7898795116654888,0.47476476658774963,0.4886609545779097,-0.01389618799016007,-0.1764705882352941
2026,1,2026_01_BUF_HOU,2026-09-13,Sunday,HOU,BUF,BUF,0.4214736874685814,0.5785263125314186,-1.8,BUF by 1.8,Pending,1562.1138654935485,1657.9834688762242,-95.86960338267568,-40.86960338267568,0.44145370546242146,0.5299845330560665,0.4930127175523949,0.03697181550367162,0.0
2026,1,2026_01_BAL_IND,2026-09-13,Sunday,IND,BAL,BAL,0.40662491344694274,0.5933750865530573,-1.9,BAL by 1.9,Pending,1454.9725411903837,1586.6557479690816,-131.68320677869792,-76.68320677869792,0.3914017056689751,0.5261407555798376,0.49498544515845555,0.031155310421382088,0.0
2026,1,2026_01_CLE_JAX,2026-09-13,Sunday,JAX,CLE,JAX,0.6890523073624072,0.3109476926375928,6.9,JAX by 6.9,Pending,1489.2085937804145,1413.7470343934165,75.46155938699803,130.46155938699803,0.6793959244557658,0.4811823949852847,0.4745702202449608,0.006612174740323884,-0.42810457516339867
2026,1,2026_01_ATL_PIT,2026-09-13,Sunday,PIT,ATL,PIT,0.5770839941434879,0.4229160058565121,3.8,PIT by 3.8,Pending,1553.942247410671,1446.964728100733,106.97751930993786,161.97751930993786,0.7175654971704624,0.5068653387280838,0.48957153552855615,0.01729380319952767,-0.08496732026143794
2026,1,2026_01_NYJ_TEN,2026-09-13,Sunday,TEN,NYJ,TEN,0.5681425805568425,0.4318574194431575,1.7,TEN by 1.7,Pending,1330.332254924288,1335.355028401628,-5.022773477340024,49.977226522659976,0.5714310129367621,0.5618413103115343,0.538013141273021,0.02382816903851326,0.0
2026,1,2026_01_ARI_LAC,2026-09-13,Sunday,LAC,ARI,LAC,0.6923549034916547,0.30764509650834526,7.2,LAC by 7.2,Pending,1534.4557862707848,1356.531626944628,177.92415932615677,232.92415932615677,0.7926246333130705,0.4749892159592883,0.560304741091483,-0.0853155251321947,-0.434640522875817
2026,1,2026_01_MIA_LV,2026-09-13,Sunday,LV,MIA,MIA,0.371892847940689,0.628107152059311,-4.4,MIA by 4.4,Pending,1353.6925322970033,1480.2786219827315,-126.58608968572821,-71.58608968572821,0.39841284426049506,0.5204736177236633,0.4781171498527171,0.04235646787094621,0.2352941176470588
2026,1,2026_01_GB_MIN,2026-09-13,Sunday,MIN,GB,MIN,0.6410114849269286,0.3589885150730714,3.6,MIN by 3.6,Pending,1573.47964397557,1552.8527137089563,20.626930266613726,75.62693026661373,0.6071489476003132,0.49877476274307453,0.48045904521652727,0.01831571752654726,-0.02941176470588236
2026,1,2026_01_WAS_PHI,2026-09-13,Sunday,PHI,WAS,PHI,0.7097832854262304,0.29021671457376963,7.9,PHI by 7.9,Pending,1638.0379543136396,1456.8056283712237,181.23232594241586,236.23232594241586,0.795737362538181,0.4745422925505485,0.492299520427366,-0.01775722787681755,-0.3169934640522876
2026,1,2026_01_DAL_NYG,2026-09-13,Sunday,NYG,DAL,DAL,0.40489478269356943,0.5951052173064306,-3.4,DAL by 3.4,Pending,1353.5205282727377,1499.349738820504,-145.82921054776625,-90.82921054776625,0.3721848899586333,0.5059447927777923,0.4234606123151015,0.08248418046269074,0.1764705882352941
2026,1,2026_01_DEN_KC,2026-09-14,Monday,KC,DEN,KC,0.5132840352561685,0.4867159647438315,1.8,KC by 1.8,Pending,1609.9318416725314,1581.1898275002966,28.742014172234803,83.7420141722348,0.6182336725505404,0.49671179101155427,0.44263005294453883,0.05408173806701544,0.43653250773993807
2026,2,2026_02_DET_BUF,2026-09-17,Thursday,BUF,DET,BUF,0.6340182168313622,0.36598178316863783,3.9,BUF by 3.9,Pending,1657.9834688762242,1592.8202590447809,65.16320983144328,120.16320983144328,0.666348337105709,0.4930127175523949,0.47476476658774963,0.018247950964645265,-0.15479876160990713
2026,2,2026_02_CAR_ATL,2026-09-20,Sunday,ATL,CAR,ATL,0.7295038034852082,0.27049619651479184,7.1,ATL by 7.1,Pending,1446.964728100733,1376.8240711220988,70.1406569786343,125.1406569786343,0.672687944151893,0.48957153552855615,0.5230484981516973,-0.03347696262314115,-0.02614379084967322
2026,2,2026_02_NO_BAL,2026-09-20,Sunday,BAL,NO,BAL,0.7122554098251049,0.28774459017489507,7.8,BAL by 7.8,Pending,1586.6557479690816,1417.783280029903,168.8724679391787,223.8724679391787,0.7839293592424192,0.49498544515845555,0.4886609545779097,0.0063244905805458496,-0.11764705882352938
2026,2,2026_02_MIN_CHI,2026-09-20,Sunday,CHI,MIN,MIN,0.4176344394829159,0.5823655605170841,-1.9,MIN by 1.9,Pending,1479.935886878985,1573.47964397557,-93.54375709658507,-38.54375709658507,0.4447575158411404,0.4608820813644017,0.49877476274307453,-0.037892681378672854,-0.10216718266253866
2026,2,2026_02_CIN_HOU,2026-09-20,Sunday,HOU,CIN,HOU,0.6076807705853509,0.39231922941464914,5.3,HOU by 5.3,Pending,1562.1138654935485,1502.3781052097193,59.73576028382922,114.73576028382922,0.6593664375169186,0.5299845330560665,0.5059447927777923,0.02403974027827427,-0.33126934984520123
2026,2,2026_02_PIT_NE,2026-09-20,Sunday,NE,PIT,NE,0.6104371930195518,0.3895628069804482,4.2,NE by 4.2,Pending,1537.208836089795,1553.942247410671,-16.733411320875803,38.2665886791242,0.5548484411630926,0.45141366488115714,0.5068653387280838,-0.055451673846926675,-0.25396825396825395
2026,2,2026_02_GB_NYJ,2026-09-20,Sunday,NYJ,GB,GB,0.29306073277326317,0.7069392672267368,-7.2,GB by 7.2,Pending,1335.355028401628,1552.8527137089563,-217.4976853073283,-162.4976853073283,0.2818280545091772,0.538013141273021,0.48045904521652727,0.05755409605649375,0.32352941176470584
2026,2,2026_02_CLE_TB,2026-09-20,Sunday,TB,CLE,TB,0.6165283752373836,0.3834716247626164,4.4,TB by 4.4,Pending,1497.9012369881557,1413.7470343934165,84.15420259473922,139.15420259473922,0.6901960439486324,0.5207842270034949,0.4745702202449608,0.0462140067585341,-0.1764705882352941
2026,2,2026_02_PHI_TEN,2026-09-20,Sunday,TEN,PHI,PHI,0.23381157461268245,0.7661884253873176,-9.9,PHI by 9.9,Pending,1330.332254924288,1638.0379543136396,-307.7056993893516,-252.7056993893516,0.1892806752982373,0.5618413103115343,0.4745422925505485,0.08729901776098581,0.434640522875817
2026,2,2026_02_JAX_DEN,2026-09-20,Sunday,DEN,JAX,DEN,0.5906651527153541,0.40933484728464586,3.3,DEN by 3.3,Pending,1581.1898275002966,1489.2085937804145,91.98123371988208,146.98123371988208,0.6997467070613755,0.44263005294453883,0.4811823949852847,-0.03855234204074587,-0.06725146198830412
2026,2,2026_02_LV_LAC,2026-09-20,Sunday,LAC,LV,LAC,0.709737177186335,0.290262822813665,8.4,LAC by 8.4,Pending,1534.4557862707848,1353.6925322970033,180.7632539737815,235.7632539737815,0.7952981238931872,0.4749892159592883,0.5204736177236633,-0.045484401764375015,-0.434640522875817
2026,2,2026_02_SEA_ARI,2026-09-20,Sunday,ARI,SEA,SEA,0.16670881850013625,0.8332911814998638,-11.9,SEA by 11.9,Pending,1356.531626944628,1644.2636650752254,-287.7320381305974,-232.7320381305974,0.20755720954016307,0.560304741091483,0.524311759791636,0.03599298129984696,0.6735294117647058
2026,2,2026_02_WAS_DAL,2026-09-20,Sunday,DAL,WAS,DAL,0.6400781925334066,0.3599218074665934,5.0,DAL by 5.0,Pending,1499.349738820504,1456.8056283712237,42.5441104492802,97.5441104492802,0.636801630278938,0.4234606123151015,0.492299520427366,-0.06883890811226451,-0.11764705882352938
2026,2,2026_02_MIA_SF,2026-09-20,Sunday,SF,MIA,SF,0.6536895050078719,0.34631049499212807,5.6,SF by 5.6,Pending,1585.1413933211281,1480.2786219827315,104.86277133839667,159.86277133839667,0.7150918371977885,0.5193208770119313,0.4781171498527171,0.04120372715921422,-0.27244582043343657
2026,2,2026_02_IND_KC,2026-09-20,Sunday,KC,IND,KC,0.6495698542120373,0.3504301457879627,5.3,KC by 5.3,Pending,1609.9318416725314,1454.9725411903837,154.95930048214768,209.95930048214768,0.7700551943501824,0.49671179101155427,0.5261407555798376,-0.029428964568283367,0.11764705882352938
2026,2,2026_02_NYG_LA,2026-09-21,Monday,LA,NYG,LA,0.78960242621085,0.21039757378915003,11.2,LA by 11.2,Pending,1602.9556527783745,1353.5205282727377,249.43512450563685,304.43512450563685,0.8522640009861182,0.5375275197798418,0.5059447927777923,0.03158272700204956,-0.46470588235294114
2026,3,2026_03_ATL_GB,2026-09-24,Thursday,GB,ATL,GB,0.5640190813736864,0.4359809186263136,3.9,GB by 3.9,Pending,1552.8527137089563,1446.964728100733,105.88798560822329,160.8879856082233,0.7162926763943972,0.48045904521652727,0.48957153552855615,-0.009112490312028876,-0.02941176470588236
2026,3,2026_03_LAC_BUF,2026-09-27,Sunday,BUF,LAC,BUF,0.7719827398973247,0.2280172601026753,8.7,BUF by 8.7,Pending,1657.9834688762242,1534.4557862707848,123.5276826054394,178.5276826054394,0.7364674115700817,0.4930127175523949,0.4749892159592883,0.018023501593106617,-0.07309941520467833
2026,3,2026_03_CAR_CLE,2026-09-27,Sunday,CLE,CAR,CLE,0.6489117357060711,0.3510882642939289,4.5,CLE by 4.5,Pending,1413.7470343934165,1376.8240711220988,36.92296327131771,91.92296327131771,0.6292851006429244,0.4745702202449608,0.5230484981516973,-0.04847827790673648,0.15032679738562088
2026,3,2026_03_NYJ_DET,2026-09-27,Sunday,DET,NYJ,DET,0.8418709010613001,0.15812909893869986,13.1,DET by 13.1,Pending,1592.8202590447809,1335.355028401628,257.46523064315284,312.46523064315284,0.8579899376946614,0.47476476658774963,0.538013141273021,-0.06324837468527139,-0.3529411764705882
2026,3,2026_03_HOU_IND,2026-09-27,Sunday,IND,HOU,HOU,0.40783910071688195,0.592160899283118,-2.1,HOU by 2.1,Pending,1454.9725411903837,1562.1138654935485,-107.14132430316477,-52.141324303164765,0.42552091503434647,0.5261407555798376,0.5299845330560665,-0.0038437774762288823,0.21362229102167185
2026,3,2026_03_NE_JAX,2026-09-27,Sunday,JAX,NE,JAX,0.5062162901305284,0.4937837098694716,-0.2,NE by 0.2,Pending,1489.2085937804145,1537.208836089795,-48.00024230938061,6.99975769061939,0.5100720983577166,0.4811823949852847,0.45141366488115714,0.02976873010412756,0.08730158730158732
2026,3,2026_03_KC_MIA,2026-09-27,Sunday,MIA,KC,KC,0.43552906163638,0.56447093836362,-2.8,KC by 2.8,Pending,1480.2786219827315,1609.9318416725314,-129.65321968979993,-74.65321968979993,0.394188782573595,0.4781171498527171,0.49671179101155427,-0.01859464115883719,-0.05882352941176466
2026,3,2026_03_TEN_NYG,2026-09-27,Sunday,NYG,TEN,NYG,0.6623233211504705,0.33767667884952945,5.5,NYG by 5.5,Pending,1353.5205282727377,1330.332254924288,23.188273348449684,78.18827334844968,0.6106601283952033,0.5059447927777923,0.5618413103115343,-0.05589651753374203,-0.05882352941176469
2026,3,2026_03_CIN_PIT,2026-09-27,Sunday,PIT,CIN,PIT,0.5425558379056422,0.4574441620943578,3.3,PIT by 3.3,Pending,1553.942247410671,1502.3781052097193,51.564142200951665,106.56414220095166,0.6487234065639613,0.5068653387280838,0.5059447927777923,0.0009205459502915625,-0.20261437908496732
2026,3,2026_03_SEA_WAS,2026-09-27,Sunday,WAS,SEA,SEA,0.25391536169335116,0.7460846383066488,-8.4,SEA by 8.4,Pending,1456.8056283712237,1644.2636650752254,-187.45803670400164,-132.45803670400164,0.31810595836731453,0.492299520427366,0.524311759791636,-0.03201223936427,0.5558823529411765
2026,3,2026_03_ARI_SF,2026-09-27,Sunday,SF,ARI,SF,0.7744363767644604,0.22556362323553958,9.9,SF by 9.9,Pending,1585.1413933211281,1356.531626944628,228.60976637650015,283.60976637650015,0.8365240041432258,0.5193208770119313,0.560304741091483,-0.04098386407955168,-0.5077399380804953
2026,3,2026_03_MIN_TB,2026-09-27,Sunday,TB,MIN,MIN,0.407823590455756,0.592176409544244,-2.3,MIN by 2.3,Pending,1497.9012369881557,1573.47964397557,-75.57840698741438,-20.578406987414382,0.47041987393150303,0.5207842270034949,0.49877476274307453,0.022009464260420386,0.05882352941176472
2026,3,2026_03_BAL_DAL,2026-09-27,Sunday,DAL,BAL,BAL,0.483483752915381,0.516516247084619,-0.4,BAL by 0.4,Pending,1499.349738820504,1586.6557479690816,-87.30600914857769,-32.30600914857769,0.4536414448434774,0.4234606123151015,0.49498544515845555,-0.07152483284335404,0.05882352941176472
2026,3,2026_03_LV_NO,2026-09-27,Sunday,NO,LV,NO,0.6725642174247194,0.3274357825752806,5.6,NO by 5.6,Pending,1417.783280029903,1353.6925322970033,64.09074773289967,119.09074773289967,0.6649743675292636,0.4886609545779097,0.5204736177236633,-0.031812663145753595,-0.17647058823529413
2026,3,2026_03_LA_DEN,2026-09-27,Sunday,DEN,LA,LA,0.46153982202579635,0.5384601779742036,-1.2,LA by 1.2,Pending,1581.1898275002966,1602.9556527783745,-21.765825278077955,33.234174721922045,0.5476824790969433,0.44263005294453883,0.5375275197798418,-0.09489746683530298,-0.08947368421052637
2026,3,2026_03_PHI_CHI,2026-09-28,Monday,CHI,PHI,PHI,0.4133662436041405,0.5866337563958595,-3.0,PHI by 3.0,Pending,1479.935886878985,1638.0379543136396,-158.1020674346546,-103.1020674346546,0.35583145984544867,0.4608820813644017,0.4745422925505485,-0.013660211186146798,-0.020467836257309857
2026,4,2026_04_PIT_CLE,2026-10-01,Thursday,CLE,PIT,PIT,0.4195408009745858,0.5804591990254142,-3.0,PIT by 3.0,Pending,1413.7470343934165,1553.942247410671,-140.19521301725445,-85.19521301725445,0.3797939085435399,0.4745702202449608,0.5068653387280838,-0.032295118483123,0.26143790849673204
2026,4,2026_04_IND_WAS,2026-10-04,Sunday,WAS,IND,WAS,0.5269450746131835,0.4730549253868165,0.1,WAS by 0.1,Pending,1456.8056283712237,1454.9725411903837,1.8330871808400389,56.83308718084004,0.5810676042640479,0.492299520427366,0.5261407555798376,-0.033841235152471616,0.1764705882352941
2026,4,2026_04_TEN_BAL,2026-10-04,Sunday,BAL,TEN,BAL,0.8104995218240068,0.18950047817599325,11.6,BAL by 11.6,Pending,1586.6557479690816,1330.332254924288,256.3234930447936,311.3234930447936,0.8571872533803174,0.49498544515845555,0.5618413103115343,-0.06685586515307873,-0.2941176470588235
2026,4,2026_04_NE_BUF,2026-10-04,Sunday,BUF,NE,BUF,0.664770955457877,0.335229044542123,4.7,BUF by 4.7,Pending,1657.9834688762242,1537.208836089795,120.77463278642904,175.77463278642904,0.7333801098155941,0.4930127175523949,0.45141366488115714,0.04159905267123776,0.12531328320802004
2026,4,2026_04_NYJ_CHI,2026-10-04,Sunday,CHI,NYJ,CHI,0.7544007871984125,0.24559921280158747,8.8,CHI by 8.8,Pending,1479.935886878985,1335.355028401628,144.58085847735697,199.58085847735697,0.7593062436053186,0.4608820813644017,0.538013141273021,-0.07713105990861935,-0.45510835913312686
2026,4,2026_04_JAX_CIN,2026-10-04,Sunday,CIN,JAX,CIN,0.5245900954626314,0.47540990453736864,-0.2,JAX by 0.2,Pending,1502.3781052097193,1489.2085937804145,13.169511429304748,68.16951142930475,0.5968639865947671,0.5059447927777923,0.4811823949852847,0.02476239779250755,0.36928104575163395
2026,4,2026_04_DAL_HOU,2026-10-04,Sunday,HOU,DAL,HOU,0.6059709986705611,0.39402900132943885,4.1,HOU by 4.1,Pending,1562.1138654935485,1499.349738820504,62.76412667304453,117.76412667304453,0.6632709115955232,0.5299845330560665,0.4234606123151015,0.106523920740965,-0.27244582043343657
2026,4,2026_04_ARI_NYG,2026-10-04,Sunday,NYG,ARI,NYG,0.6348216347281913,0.3651783652718087,3.8,NYG by 3.8,Pending,1353.5205282727377,1356.531626944628,-3.011098671890295,51.988901328109705,0.5742645838187924,0.5059447927777923,0.560304741091483,-0.05435994831369073,-0.05882352941176469
2026,4,2026_04_LA_PHI,2026-10-04,Sunday,PHI,LA,LA,0.4793658684523608,0.5206341315476393,-0.2,LA by 0.2,Pending,1638.0379543136396,1602.9556527783745,35.08230153526506,90.08230153526506,0.6268099112434324,0.4745422925505485,0.5375275197798418,-0.06298522722929334,0.0888888888888888
2026,4,2026_04_GB_TB,2026-10-04,Sunday,TB,GB,TB,0.5052699408955095,0.4947300591044905,-0.4,GB by 0.4,Pending,1497.9012369881557,1552.8527137089563,-54.951476720800656,0.04852327919934396,0.5000698306116382,0.5207842270034949,0.48045904521652727,0.040325181786967645,0.02941176470588236
2026,4,2026_04_MIA_MIN,2026-10-04,Sunday,MIN,MIA,MIN,0.6926571851220221,0.3073428148779779,6.1,MIN by 6.1,Pending,1573.47964397557,1480.2786219827315,93.2010219928386,148.2010219928386,0.7012198955504164,0.49877476274307453,0.4781171498527171,0.020657612890357446,-0.11764705882352944
2026,4,2026_04_KC_LV,2026-10-04,Sunday,LV,KC,KC,0.2775345905384968,0.7224654094615033,-8.6,KC by 8.6,Pending,1353.6925322970033,1609.9318416725314,-256.23930937552814,-201.23930937552814,0.23895330045846136,0.5204736177236633,0.49671179101155427,0.023761826712109024,0.17647058823529413
2026,4,2026_04_LAC_SEA,2026-10-04,Sunday,SEA,LAC,SEA,0.7939885561205489,0.20601144387945114,9.8,SEA by 9.8,Pending,1644.2636650752254,1534.4557862707848,109.80787880444063,164.80787880444063,0.7208557575935338,0.524311759791636,0.4749892159592883,0.04932254383234774,-0.23888888888888882
2026,4,2026_04_DEN_SF,2026-10-04,Sunday,SF,DEN,SF,0.5159195599161386,0.4840804400838614,1.3,SF by 1.3,Pending,1585.1413933211281,1581.1898275002966,3.951565820831547,58.95156582083155,0.5840332268510063,0.5193208770119313,0.44263005294453883,0.07669082406739247,0.10526315789473684
2026,4,2026_04_DET_CAR,2026-10-04,Sunday,CAR,DET,DET,0.24015804492806714,0.7598419550719329,-8.9,DET by 8.9,Pending,1376.8240711220988,1592.8202590447809,-215.9961879226821,-160.9961879226821,0.2835807640949508,0.5230484981516973,0.47476476658774963,0.04828373156394766,0.08496732026143794
2026,4,2026_04_ATL_NO,2026-10-05,Monday,NO,ATL,ATL,0.46315043494731634,0.5368495650526837,-0.8,ATL by 0.8,Pending,1417.783280029903,1446.964728100733,-29.18144807083013,25.81855192916987,0.537087639186226,0.4886609545779097,0.48957153552855615,-0.0009105809506464446,0.11764705882352938
2026,5,2026_05_TB_DAL,2026-10-08,Thursday,DAL,TB,DAL,0.6048251041438634,0.39517489585613663,3.5,DAL by 3.5,Pending,1499.349738820504,1497.9012369881557,1.4485018323482564,56.448501832348256,0.5805285942745572,0.4234606123151015,0.5207842270034949,-0.0973236146883934,0.05882352941176472
2026,5,2026_05_PHI_JAX,2026-10-11,Sunday,JAX,PHI,PHI,0.48225479615037975,0.5177452038496202,-0.9,PHI by 0.9,Pending,1489.2085937804145,1638.0379543136396,-148.8293605332251,-93.8293605332251,0.3681584540506777,0.4811823949852847,0.4745422925505485,0.006640102434736228,-0.11111111111111105
2026,5,2026_05_CIN_MIA,2026-10-11,Sunday,MIA,CIN,CIN,0.470355779489241,0.529644220510759,0.9,MIA by 0.9,Pending,1480.2786219827315,1502.3781052097193,-22.099483226987786,32.900516773012214,0.5472066301922613,0.4781171498527171,0.5059447927777923,-0.02782764292507517,-0.05882352941176466
2026,5,2026_05_LV_NE,2026-10-11,Sunday,NE,LV,NE,0.8067064626607292,0.1932935373392708,12.3,NE by 12.3,Pending,1537.208836089795,1353.6925322970033,183.51630379279186,238.51630379279186,0.7978660635637627,0.45141366488115714,0.5204736177236633,-0.06905995284250616,-0.6330532212885154
2026,5,2026_05_MIN_NO,2026-10-11,Sunday,NO,MIN,MIN,0.3501196766968218,0.6498803233031782,-4.9,MIN by 4.9,Pending,1417.783280029903,1573.47964397557,-155.69636394566714,-100.69636394566714,0.35901201277941724,0.4886609545779097,0.49877476274307453,-0.010113808165164828,0.1764705882352941
2026,5,2026_05_CLE_NYJ,2026-10-11,Sunday,NYJ,CLE,CLE,0.3941968583971768,0.6058031416028232,-2.5,CLE by 2.5,Pending,1335.355028401628,1413.7470343934165,-78.39200599178844,-23.392005991788437,0.46638697133412443,0.538013141273021,0.4745702202449608,0.0634429210280602,0.11764705882352941
2026,5,2026_05_IND_PIT,2026-10-11,Sunday,PIT,IND,PIT,0.6158119599251547,0.3841880400748453,3.5,PIT by 3.5,Pending,1553.942247410671,1454.9725411903837,98.96970622028721,153.9697062202872,0.7081303473880524,0.5068653387280838,0.5261407555798376,-0.019275416851753824,-0.08496732026143794
2026,5,2026_05_HOU_TEN,2026-10-11,Sunday,TEN,HOU,HOU,0.2476097580631377,0.7523902419368623,-9.2,HOU by 9.2,Pending,1330.332254924288,1562.1138654935485,-231.78161056926047,-176.78161056926047,0.2654879879436859,0.5618413103115343,0.5299845330560665,0.03185677725546776,0.5077399380804953
2026,5,2026_05_NYG_WAS,2026-10-11,Sunday,WAS,NYG,WAS,0.5893260440481696,0.4106739559518304,3.5,WAS by 3.5,Pending,1456.8056283712237,1353.5205282727377,103.28510009848605,158.28510009848605,0.7132379422616474,0.492299520427366,0.5059447927777923,-0.01364527235042623,-0.05882352941176472
2026,5,2026_05_DEN_LAC,2026-10-11,Sunday,LAC,DEN,DEN,0.4077241624482038,0.5922758375517962,-1.8,DEN by 1.8,Pending,1534.4557862707848,1581.1898275002966,-46.73404122951183,8.265958770488169,0.5118934269833058,0.4749892159592883,0.44263005294453883,0.03235916301474945,0.17836257309941517
2026,5,2026_05_DET_ARI,2026-10-11,Sunday,ARI,DET,DET,0.2448379961198545,0.7551620038801455,-8.9,DET by 8.9,Pending,1356.531626944628,1592.8202590447809,-236.28863210015288,-181.28863210015288,0.26045957974880174,0.560304741091483,0.47476476658774963,0.08553997450373335,0.3529411764705882
2026,5,2026_05_CHI_GB,2026-10-11,Sunday,GB,CHI,GB,0.5762914107121543,0.4237085892878457,3.5,GB by 3.5,Pending,1552.8527137089563,1479.935886878985,72.91682682997134,127.91682682997134,0.6761968465077073,0.48045904521652727,0.4608820813644017,0.019576963852125595,0.13157894736842102
2026,5,2026_05_SF_SEA,2026-10-11,Sunday,SEA,SF,SEA,0.7144685381908542,0.2855314618091458,6.9,SEA by 6.9,Pending,1644.2636650752254,1585.1413933211281,59.122271754097255,114.12227175409726,0.6585728031619198,0.524311759791636,0.5193208770119313,0.0049908827797047195,-0.1657894736842105
2026,5,2026_05_BAL_ATL,2026-10-11,Sunday,ATL,BAL,BAL,0.44578518172574033,0.5542148182742597,-2.2,BAL by 2.2,Pending,1446.964728100733,1586.6557479690816,-139.69101986834858,-84.69101986834858,0.38047780113475327,0.48957153552855615,0.49498544515845555,-0.005413909629899405,0.0
2026,5,2026_05_BUF_LA,2026-10-12,Monday,LA,BUF,LA,0.5108804244483511,0.48911957555164887,1.2,LA by 1.2,Pending,1602.9556527783745,1657.9834688762242,-55.02781609784961,-0.027816097849608923,0.49995996941742693,0.5375275197798418,0.4930127175523949,0.044514802227446915,-0.015789473684210464
2026,6,2026_06_SEA_DEN,2026-10-15,Thursday,DEN,SEA,SEA,0.3954280555104186,0.6045719444895814,-2.9,SEA by 2.9,Pending,1581.1898275002966,1644.2636650752254,-63.0738375749288,-8.073837574928802,0.4883829048098324,0.44263005294453883,0.524311759791636,-0.08168170684709719,0.06052631578947365
2026,6,2026_06_HOU_JAX,2026-10-18,Sunday,JAX,HOU,JAX,0.505014580734706,0.49498541926529405,0.2,JAX by 0.2,Pending,1489.2085937804145,1562.1138654935485,-72.90527171313397,-17.90527171313397,0.4742550307333778,0.4811823949852847,0.5299845330560665,-0.04880213807078182,-0.03801169590643272
2026,6,2026_06_CHI_ATL,2026-10-18,Sunday,ATL,CHI,ATL,0.557937285495131,0.442062714504869,1.3,ATL by 1.3,Pending,1446.964728100733,1479.935886878985,-32.97115877825195,22.028841221748053,0.5316596374891496,0.48957153552855615,0.4608820813644017,0.02868945416415447,0.16099071207430338
2026,6,2026_06_BAL_CLE,2026-10-18,Sunday,CLE,BAL,BAL,0.35529613388587317,0.6447038661141269,-4.8,BAL by 4.8,Pending,1413.7470343934165,1586.6557479690816,-172.90871357566516,-117.90871357566516,0.3365432235827864,0.4745702202449608,0.49498544515845555,-0.020415224913494734,0.1764705882352941
2026,6,2026_06_TEN_IND,2026-10-18,Sunday,IND,TEN,IND,0.715916236160385,0.284083763839615,8.9,IND by 8.9,Pending,1454.9725411903837,1330.332254924288,124.6402862660957,179.6402862660957,0.7377085645742324,0.5261407555798376,0.5618413103115343,-0.03570055473169664,-0.2941176470588235
2026,6,2026_06_NYJ_NE,2026-10-18,Sunday,NE,NYJ,NE,0.8248068202143238,0.17519317978567617,12.6,NE by 12.6,Pending,1537.208836089795,1335.355028401628,201.85380768816708,256.8538076881671,0.8143563954938895,0.45141366488115714,0.538013141273021,-0.08659947639186388,-0.6330532212885154
2026,6,2026_06_NO_NYG,2026-10-18,Sunday,NYG,NO,NYG,0.5250697159589817,0.47493028404101834,1.0,NYG by 1.0,Pending,1353.5205282727377,1417.783280029903,-64.26275175716523,-9.262751757165233,0.48667298602556247,0.5059447927777923,0.4886609545779097,0.01728383819988255,0.11764705882352944
2026,6,2026_06_CAR_PHI,2026-10-18,Sunday,PHI,CAR,PHI,0.8083554566243292,0.19164454337567083,11.2,PHI by 11.2,Pending,1638.0379543136396,1376.8240711220988,261.21388319154084,316.21388319154084,0.8605989337252095,0.4745422925505485,0.5230484981516973,-0.04850620560114882,-0.16666666666666674
2026,6,2026_06_PIT_TB,2026-10-18,Sunday,TB,PIT,PIT,0.4919012798413546,0.5080987201586453,-0.3,PIT by 0.3,Pending,1497.9012369881557,1553.942247410671,-56.04101042251523,-1.0410104225152281,0.49850187005788016,0.5207842270034949,0.5068653387280838,0.013918888275411101,0.08496732026143794
2026,6,2026_06_ARI_LA,2026-10-18,Sunday,LA,ARI,LA,0.844266612927735,0.15573338707226503,13.2,LA by 13.2,Pending,1602.9556527783745,1356.531626944628,246.42402583374655,301.42402583374655,0.8500682145123698,0.5375275197798418,0.560304741091483,-0.02277722131164117,-0.5235294117647058
2026,6,2026_06_LAC_KC,2026-10-18,Sunday,KC,LAC,KC,0.6479256068212047,0.3520743931787953,5.3,KC by 5.3,Pending,1609.9318416725314,1534.4557862707848,75.47605540174663,130.47605540174663,0.6794141000991989,0.49671179101155427,0.4749892159592883,0.02172257505226599,0.2581699346405229
2026,6,2026_06_BUF_LV,2026-10-18,Sunday,LV,BUF,BUF,0.17351612959170679,0.8264838704082932,-11.8,BUF by 11.8,Pending,1353.6925322970033,1657.9834688762242,-304.2909365792209,-249.2909365792209,0.1923155424728071,0.5204736177236633,0.4930127175523949,0.0274609001712684,0.5077399380804953
2026,6,2026_06_DAL_GB,2026-10-18,Sunday,GB,DAL,GB,0.5274965214233772,0.4725034785766228,2.2,GB by 2.2,Pending,1552.8527137089563,1499.349738820504,53.5029748884524,108.5029748884524,0.6512625078962962,0.48045904521652727,0.4234606123151015,0.056998432901425755,-0.08823529411764708
2026,6,2026_06_WAS_SF,2026-10-19,Monday,SF,WAS,SF,0.6705063580050867,0.32949364199491327,6.7,SF by 6.7,Pending,1585.1413933211281,1456.8056283712237,128.3357649499044,183.3357649499044,0.7418038903603795,0.5193208770119313,0.492299520427366,0.02702135658456528,-0.39009287925696595
2026,7,2026_07_NE_CHI,2026-10-22,Thursday,CHI,NE,NE,0.4366624489024222,0.5633375510975778,-2.4,NE by 2.4,Pending,1479.935886878985,1537.208836089795,-57.27294921081011,-2.2729492108101113,0.4967290098083923,0.4608820813644017,0.45141366488115714,0.009468416483244535,0.17794486215538852
2026,7,2026_07_PIT_NO,2026-10-25,Sunday,NO,PIT,PIT,0.43072732584847856,0.5692726741515215,-3.0,PIT by 3.0,Pending,1417.783280029903,1553.942247410671,-136.158967380768,-81.15896738076799,0.3852818866082031,0.4886609545779097,0.5068653387280838,-0.018204384150174113,0.20261437908496732
2026,7,2026_07_SF_ATL,2026-10-25,Sunday,ATL,SF,SF,0.47266821582685087,0.5273317841731491,-1.9,SF by 1.9,Pending,1446.964728100733,1585.1413933211281,-138.17666522039508,-83.17666522039508,0.3825347309262627,0.48957153552855615,0.5193208770119313,-0.029749341483375158,0.21362229102167185
2026,7,2026_07_CIN_BAL,2026-10-25,Sunday,BAL,CIN,BAL,0.6084902497884962,0.3915097502115038,5.0,BAL by 5.0,Pending,1586.6557479690816,1502.3781052097193,84.27764275936238,139.27764275936238,0.6903479632328836,0.49498544515845555,0.5059447927777923,-0.010959347619336701,-0.11764705882352938
2026,7,2026_07_TB_CAR,2026-10-25,Sunday,CAR,TB,TB,0.36920927433740613,0.6307907256625939,-3.6,TB by 3.6,Pending,1376.8240711220988,1497.9012369881557,-121.07716586605693,-66.07716586605693,0.4060374815292021,0.5230484981516973,0.5207842270034949,0.002264271148202379,0.02614379084967322
2026,7,2026_07_NYG_HOU,2026-10-25,Sunday,HOU,NYG,HOU,0.7263164717661685,0.27368352823383146,8.5,HOU by 8.5,Pending,1562.1138654935485,1353.5205282727377,208.59333722081078,263.5933372208108,0.820150168453333,0.5299845330560665,0.5059447927777923,0.02403974027827427,-0.44891640866873067
2026,7,2026_07_IND_MIN,2026-10-25,Sunday,MIN,IND,MIN,0.6920189006215273,0.30798109937847273,5.4,MIN by 5.4,Pending,1573.47964397557,1454.9725411903837,118.50710278518636,173.50710278518636,0.7308200551632098,0.49877476274307453,0.5261407555798376,-0.02736599283676311,-0.05882352941176472
2026,7,2026_07_MIA_NYJ,2026-10-25,Sunday,NYJ,MIA,MIA,0.3432038125230184,0.6567961874769817,-4.8,MIA by 4.8,Pending,1335.355028401628,1480.2786219827315,-144.92359358110343,-89.92359358110343,0.37340382129017785,0.538013141273021,0.4781171498527171,0.05989599142030394,0.2352941176470588
2026,7,2026_07_CLE_TEN,2026-10-25,Sunday,TEN,CLE,CLE,0.4153923600401381,0.5846076399598619,-2.6,CLE by 2.6,Pending,1330.332254924288,1413.7470343934165,-83.41477946912846,-28.41477946912846,0.4591987733868683,0.5618413103115343,0.4745702202449608,0.08727109006657346,0.11764705882352941
2026,7,2026_07_DEN_ARI,2026-10-25,Sunday,ARI,DEN,DEN,0.2668024194959302,0.7331975805040698,-7.6,DEN by 7.6,Pending,1356.531626944628,1581.1898275002966,-224.6582005556686,-169.6582005556686,0.2735607565188661,0.560304741091483,0.44263005294453883,0.11767468814694415,0.6130030959752322
2026,7,2026_07_GB_DET,2026-10-25,Sunday,DET,GB,DET,0.6554142760571716,0.3445857239428284,5.0,DET by 5.0,Pending,1592.8202590447809,1552.8527137089563,39.967545335824525,94.96754533582452,0.633364317996517,0.47476476658774963,0.48045904521652727,-0.005694278628777638,-0.02941176470588236
2026,7,2026_07_LA_LV,2026-10-25,Sunday,LV,LA,LA,0.19294670166470973,0.8070532983352903,-11.6,LA by 11.6,Pending,1353.6925322970033,1602.9556527783745,-249.2631204813713,-194.2631204813713,0.24633261633804046,0.5204736177236633,0.5375275197798418,-0.017053902056178516,0.5235294117647058
2026,7,2026_07_KC_SEA,2026-10-25,Sunday,SEA,KC,SEA,0.7167668839177682,0.2832331160822318,6.4,SEA by 6.4,Pending,1644.2636650752254,1609.9318416725314,34.331823402694,89.331823402694,0.625798804503473,0.524311759791636,0.49671179101155427,0.02759996878008175,-0.4970588235294117
2026,7,2026_07_DAL_PHI,2026-10-26,Monday,PHI,DAL,PHI,0.6255059200523797,0.3744940799476203,4.9,PHI by 4.9,Pending,1638.0379543136396,1499.349738820504,138.68821549313566,193.68821549313566,0.7530524648808686,0.4745422925505485,0.4234606123151015,0.05108168023544696,-0.19934640522875824
2026,8,2026_08_CAR_GB,2026-10-29,Thursday,GB,CAR,GB,0.74137691186679,0.25862308813321,8.9,GB by 8.9,Pending,1552.8527137089563,1376.8240711220988,176.0286425868576,231.0286425868576,0.7908253786507949,0.48045904521652727,0.5230484981516973,-0.042589452935170025,-0.05555555555555558
2026,8,2026_08_BAL_BUF,2026-11-01,Sunday,BUF,BAL,BUF,0.6638246782444301,0.33617532175556986,5.5,BUF by 5.5,Pending,1657.9834688762242,1586.6557479690816,71.32772090714252,126.32772090714252,0.6741907109353337,0.4930127175523949,0.49498544515845555,-0.0019727276060606536,-0.21362229102167185
2026,8,2026_08_TEN_CIN,2026-11-01,Sunday,CIN,TEN,CIN,0.7720997801186222,0.22790021988137776,8.9,CIN by 8.9,Pending,1502.3781052097193,1330.332254924288,172.04585028543124,227.04585028543124,0.7870075253657975,0.5059447927777923,0.5618413103115343,-0.05589651753374203,-0.17647058823529413
2026,8,2026_08_ARI_DAL,2026-11-01,Sunday,DAL,ARI,DAL,0.7525493571340404,0.24745064286595964,8.6,DAL by 8.6,Pending,1499.349738820504,1356.531626944628,142.81811187587596,197.81811187587596,0.7574468647966397,0.4234606123151015,0.560304741091483,-0.13684412877638147,-0.2352941176470588
2026,8,2026_08_MIN_DET,2026-11-01,Sunday,DET,MIN,DET,0.5621129851819482,0.4378870148180518,3.2,DET by 3.2,Pending,1592.8202590447809,1573.47964397557,19.3406150692108,74.3406150692108,0.6053814086831375,0.47476476658774963,0.49877476274307453,-0.024009996155324898,0.0
2026,8,2026_08_IND_JAX,2026-11-01,Sunday,JAX,IND,JAX,0.6406940833771241,0.3593059166228759,4.0,JAX by 4.0,Pending,1489.2085937804145,1454.9725411903837,34.236052590030795,89.2360525900308,0.625669694801244,0.4811823949852847,0.5261407555798376,-0.04495836059455294,-0.25163398692810457
2026,8,2026_08_LV_NYJ,2026-11-01,Sunday,NYJ,LV,NYJ,0.5151958637899491,0.4848041362100509,1.4,NYJ by 1.4,Pending,1335.355028401628,1353.6925322970033,-18.33750389537522,36.66249610462478,0.5525666057398485,0.538013141273021,0.5204736177236633,0.017539523549357727,0.0
2026,8,2026_08_CLE_PIT,2026-11-01,Sunday,PIT,CLE,PIT,0.6649382143051007,0.3350617856948993,6.3,PIT by 6.3,Pending,1553.942247410671,1413.7470343934165,140.19521301725445,195.19521301725445,0.7546621581198117,0.5068653387280838,0.4745702202449608,0.032295118483123,-0.26143790849673204
2026,8,2026_08_ATL_TB,2026-11-01,Sunday,TB,ATL,TB,0.5243724590201174,0.4756275409798826,1.8,TB by 1.8,Pending,1497.9012369881557,1446.964728100733,50.93650888742263,105.93650888742263,0.6478996414150326,0.5207842270034949,0.48957153552855615,0.03121269147493877,0.0
2026,8,2026_08_LAC_LA,2026-11-01,Sunday,LA,LAC,LA,0.747144582217438,0.25285541778256204,8.2,LA by 8.2,Pending,1602.9556527783745,1534.4557862707848,68.49986650758979,123.49986650758979,0.6706049398105414,0.5375275197798418,0.4749892159592883,0.06253830382055353,-0.0888888888888888
2026,8,2026_08_KC_DEN,2026-11-01,Sunday,DEN,KC,DEN,0.5790220516074496,0.4209779483925504,1.7,DEN by 1.7,Pending,1581.1898275002966,1609.9318416725314,-28.742014172234803,26.257985827765197,0.5377164966427438,0.44263005294453883,0.49671179101155427,-0.05408173806701544,-0.43653250773993807
2026,8,2026_08_NE_MIA,2026-11-01,Sunday,MIA,NE,NE,0.4090669943291976,0.5909330056708024,-3.1,NE by 3.1,Pending,1480.2786219827315,1537.208836089795,-56.93021410706365,-1.930214107063648,0.4972222271850795,0.4781171498527171,0.45141366488115714,0.026703484971559943,0.3977591036414566
2026,8,2026_08_PHI_WAS,2026-11-01,Sunday,WAS,PHI,PHI,0.3681251831837191,0.6318748168162809,-4.8,PHI by 4.8,Pending,1456.8056283712237,1638.0379543136396,-181.23232594241586,-126.23232594241586,0.32592992283709316,0.492299520427366,0.4745422925505485,0.01775722787681755,0.3169934640522876
2026,8,2026_08_CHI_SEA,2026-11-02,Monday,SEA,CHI,SEA,0.7763848575769943,0.22361514242300573,9.8,SEA by 9.8,Pending,1644.2636650752254,1479.935886878985,164.3277781962404,219.3277781962404,0.7794651387093539,0.524311759791636,0.4608820813644017,0.06342967842723435,-0.21842105263157896
2026,9,2026_09_JAX_BAL,2026-11-05,Thursday,BAL,JAX,BAL,0.5870867993197141,0.4129132006802859,3.0,BAL by 3.0,Pending,1586.6557479690816,1489.2085937804145,97.44715418866713,152.44715418866713,0.7063155834110171,0.49498544515845555,0.4811823949852847,0.01380305017317085,0.25163398692810457
2026,9,2026_09_CIN_ATL,2026-11-08,Sunday,ATL,CIN,ATL,0.5101767620023913,0.48982323799760874,1.2,ATL by 1.2,Pending,1446.964728100733,1502.3781052097193,-55.4133771089862,-0.4133771089861966,0.4994051028001291,0.48957153552855615,0.5059447927777923,-0.016373257249236106,-0.11764705882352938
2026,9,2026_09_DEN_CAR,2026-11-08,Sunday,CAR,DEN,DEN,0.26191817107455506,0.7380818289254449,-7.7,DEN by 7.7,Pending,1376.8240711220988,1581.1898275002966,-204.36575637819783,-149.36575637819783,0.2973772863856395,0.5230484981516973,0.44263005294453883,0.08041844520715846,0.3450292397660819
2026,9,2026_09_DAL_IND,2026-11-08,Sunday,IND,DAL,DAL,0.4685097938106353,0.5314902061893647,0.3,IND by 0.3,Pending,1454.9725411903837,1499.349738820504,-44.377197630120236,10.622802369879764,0.5152826795834381,0.5261407555798376,0.4234606123151015,0.10268014326473612,-0.05882352941176472
2026,9,2026_09_NYJ_KC,2026-11-08,Sunday,KC,NYJ,KC,0.8046907777004394,0.1953092222995606,11.6,KC by 11.6,Pending,1609.9318416725314,1335.355028401628,274.57681327090336,329.57681327090336,0.8695739118367743,0.49671179101155427,0.538013141273021,-0.04130135026146675,-0.17647058823529413
2026,9,2026_09_DET_MIA,2026-11-08,Sunday,MIA,DET,DET,0.37534944749931765,0.6246505525006824,-4.1,DET by 4.1,Pending,1480.2786219827315,1592.8202590447809,-112.5416370620494,-57.5416370620494,0.4179398453643298,0.4781171498527171,0.47476476658774963,0.003352383264967451,0.11764705882352944
2026,9,2026_09_CLE_NO,2026-11-08,Sunday,NO,CLE,NO,0.5577627613036115,0.44223723869638853,1.8,NO by 1.8,Pending,1417.783280029903,1413.7470343934165,4.036245636486456,59.036245636486456,0.5841516438362152,0.4886609545779097,0.4745702202449608,0.014090734332948884,-0.05882352941176472
2026,9,2026_09_NYG_PHI,2026-11-08,Sunday,PHI,NYG,PHI,0.739021793780077,0.26097820621992296,8.9,PHI by 8.9,Pending,1638.0379543136396,1353.5205282727377,284.5174260409019,339.5174260409019,0.8759277344461622,0.4745422925505485,0.5059447927777923,-0.03140250022724378,-0.37581699346405234
2026,9,2026_09_LA_WAS,2026-11-08,Sunday,WAS,LA,LA,0.307810907878333,0.692189092121667,-6.8,LA by 6.8,Pending,1456.8056283712237,1602.9556527783745,-146.1500244071508,-91.1500244071508,0.37175347351215166,0.492299520427366,0.5375275197798418,-0.04522799935247579,0.4058823529411764
2026,9,2026_09_HOU_LAC,2026-11-08,Sunday,LAC,HOU,HOU,0.412494402775884,0.587505597224116,-1.8,HOU by 1.8,Pending,1534.4557862707848,1562.1138654935485,-27.658079222763718,27.341920777236282,0.5392671583807104,0.4749892159592883,0.5299845330560665,-0.05499531709677824,0.07309941520467833
2026,9,2026_09_LV_SF,2026-11-08,Sunday,SF,LV,SF,0.7885579045771197,0.21144209542288028,11.1,SF by 11.1,Pending,1585.1413933211281,1353.6925322970033,231.44886102412488,286.4488610241249,0.8387466810620665,0.5193208770119313,0.5204736177236633,-0.001152740711731992,-0.5077399380804953
2026,9,2026_09_GB_NE,2026-11-08,Sunday,NE,GB,NE,0.6230744830904402,0.3769255169095598,4.1,NE by 4.1,Pending,1537.208836089795,1552.8527137089563,-15.64387761916123,39.35612238083877,0.5563970004573279,0.45141366488115714,0.48045904521652727,-0.02904538033537013,-0.30952380952380953
2026,9,2026_09_ARI_SEA,2026-11-08,Sunday,SEA,ARI,SEA,0.8748306260985511,0.1251693739014489,14.5,SEA by 14.5,Pending,1644.2636650752254,1356.531626944628,287.7320381305974,342.7320381305974,0.8779248548989194,0.524311759791636,0.560304741091483,-0.03599298129984696,-0.6735294117647058
2026,9,2026_09_TB_CHI,2026-11-08,Sunday,CHI,TB,CHI,0.5564681238214872,0.44353187617851275,2.2,CHI by 2.2,Pending,1479.935886878985,1497.9012369881557,-17.965350109170686,37.034649890829314,0.5530961985716037,0.4608820813644017,0.5207842270034949,-0.05990214563909324,-0.16099071207430338
2026,9,2026_09_BUF_MIN,2026-11-09,Monday,MIN,BUF,BUF,0.4393641558486402,0.5606358441513598,-1.9,BUF by 1.9,Pending,1573.47964397557,1657.9834688762242,-84.50382490065408,-29.50382490065408,0.4576423505715512,0.49877476274307453,0.4930127175523949,0.005762045190679632,0.15479876160990713
2026,10,2026_10_WAS_NYG,2026-11-12,Thursday,NYG,WAS,NYG,0.5011523390380296,0.4988476609619704,-0.2,WAS by 0.2,Pending,1353.5205282727377,1456.8056283712237,-103.28510009848605,-48.285100098486055,0.43095609412206287,0.5059447927777923,0.492299520427366,0.01364527235042623,0.05882352941176472
2026,10,2026_10_NE_DET,2026-11-15,Sunday,DET,NE,DET,0.5807315717880664,0.41926842821193355,2.7,DET by 2.7,Pending,1592.8202590447809,1537.208836089795,55.611422954985755,110.61142295498576,0.6540140198861307,0.47476476658774963,0.45141366488115714,0.023351101706592492,0.2801120448179272
2026,10,2026_10_KC_ATL,2026-11-15,Sunday,ATL,KC,KC,0.4754421818016127,0.5245578181983873,-2.4,KC by 2.4,Pending,1446.964728100733,1609.9318416725314,-162.96711357179834,-107.96711357179834,0.34943840679608124,0.48957153552855615,0.49671179101155427,-0.007140255482998126,-0.11764705882352938
2026,10,2026_10_HOU_CLE,2026-11-15,Sunday,CLE,HOU,HOU,0.3562241455015871,0.6437758544984129,-5.0,HOU by 5.0,Pending,1413.7470343934165,1562.1138654935485,-148.366831100132,-93.366831100132,0.3687780238640564,0.4745702202449608,0.5299845330560665,-0.055414312811105704,0.39009287925696595
2026,10,2026_10_MIN_GB,2026-11-15,Sunday,GB,MIN,MIN,0.4482892001551143,0.5517107998448857,-0.1,MIN by 0.1,Pending,1552.8527137089563,1573.47964397557,-20.626930266613726,34.373069733386274,0.5493060615512555,0.48045904521652727,0.49877476274307453,-0.01831571752654726,0.02941176470588236
2026,10,2026_10_MIA_IND,2026-11-15,Sunday,IND,MIA,IND,0.5463565227712481,0.45364347722875187,2.4,IND by 2.4,Pending,1454.9725411903837,1480.2786219827315,-25.306080792347757,29.693919207652243,0.5426292412030024,0.5261407555798376,0.4781171498527171,0.048023605727120555,-0.05882352941176472
2026,10,2026_10_CAR_NO,2026-11-15,Sunday,NO,CAR,NO,0.659258065506427,0.34074193449357304,4.5,NO by 4.5,Pending,1417.783280029903,1376.8240711220988,40.95920890780417,95.95920890780417,0.6346888934286612,0.4886609545779097,0.5230484981516973,-0.03438754357378759,0.09150326797385616
2026,10,2026_10_BUF_NYJ,2026-11-15,Sunday,NYJ,BUF,BUF,0.156950507852629,0.843049492147371,-12.1,BUF by 12.1,Pending,1335.355028401628,1657.9834688762242,-322.6284404745961,-267.6284404745961,0.17644906567658297,0.538013141273021,0.4930127175523949,0.045000423720626126,0.5077399380804953
2026,10,2026_10_JAX_TEN,2026-11-15,Sunday,TEN,JAX,JAX,0.2782818693187091,0.721718130681291,-7.8,JAX by 7.8,Pending,1330.332254924288,1489.2085937804145,-158.8763388561265,-103.8763388561265,0.3548104895950627,0.5618413103115343,0.4811823949852847,0.08065891532624958,0.545751633986928
2026,10,2026_10_LA_ARI,2026-11-15,Sunday,ARI,LA,LA,0.2062261247288342,0.7937738752711658,-10.4,LA by 10.4,Pending,1356.531626944628,1602.9556527783745,-246.42402583374655,-191.42402583374655,0.2493793304820583,0.560304741091483,0.5375275197798418,0.02277722131164117,0.5235294117647058
2026,10,2026_10_SEA_LV,2026-11-15,Sunday,LV,SEA,SEA,0.15550099479805943,0.8444990052019405,-13.1,SEA by 13.1,Pending,1353.6925322970033,1644.2636650752254,-290.57113277822214,-235.57113277822214,0.20488198060944607,0.5204736177236633,0.524311759791636,-0.0038381420679727274,0.6735294117647058
2026,10,2026_10_SF_DAL,2026-11-15,Sunday,DAL,SF,DAL,0.5105595146780704,0.48944048532192963,-0.2,SF by 0.2,Pending,1499.349738820504,1585.1413933211281,-85.79165450062419,-30.79165450062419,0.4558029016312404,0.4234606123151015,0.5193208770119313,-0.09586026469682979,0.27244582043343657
2026,10,2026_10_PIT_CIN,2026-11-15,Sunday,CIN,PIT,CIN,0.5498549271397238,0.45014507286027616,0.2,CIN by 0.2,Pending,1502.3781052097193,1553.942247410671,-51.564142200951665,3.4358577990483354,0.5049444356623757,0.5059447927777923,0.5068653387280838,-0.0009205459502915625,0.20261437908496732
2026,10,2026_10_LAC_BAL,2026-11-16,Monday,BAL,LAC,BAL,0.6747950962739216,0.32520490372607835,5.1,BAL by 5.1,Pending,1586.6557479690816,1534.4557862707848,52.199961698296875,107.19996169829687,0.6495570138384656,0.49498544515845555,0.4749892159592883,0.01999622919916727,0.14052287581699352
2026,11,2026_11_IND_HOU,2026-11-19,Thursday,HOU,IND,HOU,0.6766060368934125,0.3233939631065875,5.5,HOU by 5.5,Pending,1562.1138654935485,1454.9725411903837,107.14132430316477,162.14132430316477,0.7177565585956451,0.5299845330560665,0.5261407555798376,0.0038437774762288823,-0.21362229102167185
2026,11,2026_11_MIA_BUF,2026-11-22,Sunday,BUF,MIA,BUF,0.7733111035490479,0.22668889645095214,9.3,BUF by 9.3,Pending,1657.9834688762242,1480.2786219827315,177.7048468934927,232.7048468934927,0.7924170444289801,0.4930127175523949,0.4781171498527171,0.014895567699677814,-0.27244582043343657
2026,11,2026_11_BAL_CAR,2026-11-22,Sunday,CAR,BAL,BAL,0.26478925461714947,0.7352107453828505,-7.4,BAL by 7.4,Pending,1376.8240711220988,1586.6557479690816,-209.83167684698287,-154.83167684698287,0.29084517812431016,0.5230484981516973,0.49498544515845555,0.028063052993241744,0.02614379084967322
2026,11,2026_11_NO_CHI,2026-11-22,Sunday,CHI,NO,CHI,0.6156990146472279,0.38430098535277213,4.7,CHI by 4.7,Pending,1479.935886878985,1417.783280029903,62.152606849082076,117.15260684908208,0.662484251618351,0.4608820813644017,0.4886609545779097,-0.027778873213508026,-0.27863777089783276
2026,11,2026_11_TEN_DAL,2026-11-22,Sunday,DAL,TEN,DAL,0.7734465740988274,0.22655342590117256,10.2,DAL by 10.2,Pending,1499.349738820504,1330.332254924288,169.01748389621594,224.01748389621594,0.7840707240255379,0.4234606123151015,0.5618413103115343,-0.13838069799643277,-0.2352941176470588
2026,11,2026_11_TB_DET,2026-11-22,Sunday,DET,TB,DET,0.690753359448516,0.309246640551484,7.1,DET by 7.1,Pending,1592.8202590447809,1497.9012369881557,94.91902205662518,149.91902205662518,0.7032877399887892,0.47476476658774963,0.5207842270034949,-0.046019460415745284,-0.05882352941176472
2026,11,2026_11_ARI_KC,2026-11-22,Sunday,KC,ARI,KC,0.7711571867436393,0.2288428132563607,10.2,KC by 10.2,Pending,1609.9318416725314,1356.531626944628,253.4002147279034,308.4002147279034,0.8551148394657448,0.49671179101155427,0.560304741091483,-0.06359295007992871,-0.17647058823529413
2026,11,2026_11_JAX_NYG,2026-11-22,Sunday,NYG,JAX,JAX,0.38553795144741226,0.6144620485525878,-4.2,JAX by 4.2,Pending,1353.5205282727377,1489.2085937804145,-135.6880655076768,-80.68806550767681,0.3859240943325657,0.5059447927777923,0.4811823949852847,0.02476239779250755,0.4869281045751634
2026,11,2026_11_NYJ_LAC,2026-11-22,Sunday,LAC,NYJ,LAC,0.7339391962824225,0.26606080371757745,8.7,LAC by 8.7,Pending,1534.4557862707848,1335.355028401628,199.10075786915672,254.10075786915672,0.8119485748097733,0.4749892159592883,0.538013141273021,-0.06302392531373274,-0.434640522875817
2026,11,2026_11_LV_DEN,2026-11-22,Sunday,DEN,LV,DEN,0.8084622249595167,0.1915377750404833,11.6,DEN by 11.6,Pending,1581.1898275002966,1353.6925322970033,227.49729520329333,282.49729520329333,0.8356463724089346,0.44263005294453883,0.5204736177236633,-0.07784356477912446,-0.6130030959752322
2026,11,2026_11_PIT_PHI,2026-11-22,Sunday,PHI,PIT,PHI,0.632178050171072,0.367821949828928,4.8,PHI by 4.8,Pending,1638.0379543136396,1553.942247410671,84.09570690296869,139.0957069029687,0.690124038258953,0.4745422925505485,0.5068653387280838,-0.03232304617753534,-0.05555555555555558
2026,11,2026_11_MIN_SF,2026-11-22,Sunday,SF,MIN,SF,0.5025507724015795,0.4974492275984205,1.4,SF by 1.4,Pending,1585.1413933211281,1573.47964397557,11.661749345558064,66.66174934555806,0.5947738338161178,0.5193208770119313,0.49877476274307453,0.020546114268856774,-0.15479876160990713
2026,11,2026_11_CIN_WAS,2026-11-23,Monday,WAS,CIN,CIN,0.45078410147303843,0.5492158985269615,-0.2,CIN by 0.2,Pending,1456.8056283712237,1502.3781052097193,-45.572476838495504,9.427523161504496,0.5135639676110305,0.492299520427366,0.5059447927777923,-0.01364527235042623,0.05882352941176472
2026,12,2026_12_GB_LA,2026-11-25,Wednesday,LA,GB,LA,0.703838229229653,0.296161770770347,6.6,LA by 6.6,Pending,1602.9556527783745,1552.8527137089563,50.1029390694182,105.1029390694182,0.6468042246767288,0.5375275197798418,0.48045904521652727,0.05706847456331454,-0.19999999999999996
2026,12,2026_12_CHI_DET,2026-11-26,Thursday,DET,CHI,DET,0.681527397820836,0.31847260217916395,6.7,DET by 6.7,Pending,1592.8202590447809,1479.935886878985,112.88437216579587,167.88437216579587,0.724405379366207,0.47476476658774963,0.4608820813644017,0.013882685223347957,0.10216718266253866
2026,12,2026_12_PHI_DAL,2026-11-26,Thursday,DAL,PHI,PHI,0.46206367391216485,0.5379363260878351,-1.7,PHI by 1.7,Pending,1499.349738820504,1638.0379543136396,-138.68821549313566,-83.68821549313566,0.38183942342803123,0.4234606123151015,0.4745422925505485,-0.05108168023544696,0.19934640522875824
2026,12,2026_12_KC_BUF,2026-11-26,Thursday,BUF,KC,BUF,0.6900354257904932,0.30996457420950685,5.2,BUF by 5.2,Pending,1657.9834688762242,1609.9318416725314,48.05162720369276,103.05162720369276,0.644101982992713,0.4930127175523949,0.49671179101155427,-0.0036990734591593744,-0.33126934984520123
2026,12,2026_12_DEN_PIT,2026-11-27,Friday,PIT,DEN,DEN,0.4748323086315754,0.5251676913684247,-0.3,DEN by 0.3,Pending,1553.942247410671,1581.1898275002966,-27.24758008962567,27.75241991037433,0.5398542158072681,0.5068653387280838,0.44263005294453883,0.06423528578354498,0.23391812865497075
2026,12,2026_12_NO_CIN,2026-11-29,Sunday,CIN,NO,CIN,0.6595595059299232,0.3404404940700768,4.8,CIN by 4.8,Pending,1502.3781052097193,1417.783280029903,84.59482517981633,139.59482517981633,0.6907381349304688,0.5059447927777923,0.4886609545779097,0.01728383819988255,0.0
2026,12,2026_12_LV_CLE,2026-11-29,Sunday,CLE,LV,CLE,0.6624392200217787,0.3375607799782213,5.6,CLE by 5.6,Pending,1413.7470343934165,1353.6925322970033,60.054502096413216,115.05450209641322,0.6597784230008179,0.4745702202449608,0.5204736177236633,-0.04590339747870248,-0.11764705882352941
2026,12,2026_12_BAL_HOU,2026-11-29,Sunday,HOU,BAL,HOU,0.5450907074682979,0.4549092925317021,2.0,HOU by 2.0,Pending,1562.1138654935485,1586.6557479690816,-24.541882475533157,30.458117524466843,0.5437208102878635,0.5299845330560665,0.49498544515845555,0.03499908789761097,-0.21362229102167185
2026,12,2026_12_NYG_IND,2026-11-29,Sunday,IND,NYG,IND,0.6081954919594244,0.39180450804057565,5.3,IND by 5.3,Pending,1454.9725411903837,1353.5205282727377,101.45201291764602,156.45201291764602,0.7110748790268527,0.5261407555798376,0.5059447927777923,0.020195962802045386,-0.23529411764705882
2026,12,2026_12_NYJ_MIA,2026-11-29,Sunday,MIA,NYJ,MIA,0.7328338922140551,0.26716610778594485,8.1,MIA by 8.1,Pending,1480.2786219827315,1335.355028401628,144.92359358110343,199.92359358110343,0.759666634503359,0.4781171498527171,0.538013141273021,-0.05989599142030394,-0.2352941176470588
2026,12,2026_12_ATL_MIN,2026-11-29,Sunday,MIN,ATL,MIN,0.6566358478690811,0.34336415213091886,5.7,MIN by 5.7,Pending,1573.47964397557,1446.964728100733,126.51491587483702,181.51491587483702,0.7397912481342285,0.49877476274307453,0.48957153552855615,0.009203227214518384,-0.05882352941176472
2026,12,2026_12_TEN_JAX,2026-11-29,Sunday,JAX,TEN,JAX,0.7876460118336515,0.21235398816634854,11.0,JAX by 11.0,Pending,1489.2085937804145,1330.332254924288,158.8763388561265,213.8763388561265,0.7740234913706884,0.4811823949852847,0.5618413103115343,-0.08065891532624958,-0.545751633986928
2026,12,2026_12_WAS_ARI,2026-11-29,Sunday,ARI,WAS,WAS,0.4104487358245971,0.5895512641754028,-2.2,WAS by 2.2,Pending,1356.531626944628,1456.8056283712237,-100.27400142659576,-45.27400142659576,0.4352117711187212,0.560304741091483,0.492299520427366,0.06800522066411696,0.11764705882352941
2026,12,2026_12_SEA_SF,2026-11-29,Sunday,SF,SEA,SEA,0.36656055315626696,0.633439446843733,-3.4,SEA by 3.4,Pending,1585.1413933211281,1644.2636650752254,-59.122271754097255,-4.122271754097255,0.49406785243142903,0.5193208770119313,0.524311759791636,-0.0049908827797047195,0.1657894736842105
2026,12,2026_12_NE_LAC,2026-11-29,Sunday,LAC,NE,NE,0.41360230622552396,0.586397693774476,-2.1,NE by 2.1,Pending,1534.4557862707848,1537.208836089795,-2.753049819010357,52.24695018098964,0.5746277132557972,0.4749892159592883,0.45141366488115714,0.02357555107813114,0.19841269841269837
2026,12,2026_12_CAR_TB,2026-11-30,Monday,TB,CAR,TB,0.7107626210964002,0.2892373789035998,7.0,TB by 7.0,Pending,1497.9012369881557,1376.8240711220988,121.07716586605693,176.07716586605693,0.7337204973532222,0.5207842270034949,0.5230484981516973,-0.002264271148202379,-0.02614379084967322
2026,13,2026_13_KC_LA,2026-12-03,Thursday,LA,KC,LA,0.6590820766760054,0.3409179233239946,4.7,LA by 4.7,Pending,1602.9556527783745,1609.9318416725314,-6.976188894156849,48.02381110584315,0.5686750126891885,0.5375275197798418,0.49671179101155427,0.04081572876828754,-0.3470588235294117
2026,13,2026_13_DET_ATL,2026-12-06,Sunday,ATL,DET,DET,0.4136590727854807,0.5863409272145192,-3.7,DET by 3.7,Pending,1446.964728100733,1592.8202590447809,-145.8555309440478,-90.85553094404781,0.37214948776187007,0.48957153552855615,0.47476476658774963,0.014806768940806514,0.05882352941176472
2026,13,2026_13_JAX_CHI,2026-12-06,Sunday,CHI,JAX,JAX,0.47671299126478744,0.5232870087352126,-0.4,JAX by 0.4,Pending,1479.935886878985,1489.2085937804145,-9.272706901429501,45.7272930985705,0.5654295064475293,0.4608820813644017,0.4811823949852847,-0.020300313620883026,0.09064327485380119
2026,13,2026_13_CIN_CLE,2026-12-06,Sunday,CLE,CIN,CIN,0.415968005669345,0.584031994330655,-1.5,CIN by 1.5,Pending,1413.7470343934165,1502.3781052097193,-88.63107081630278,-33.63107081630278,0.4517515979843074,0.4745702202449608,0.5059447927777923,-0.031374572532831435,0.05882352941176472
2026,13,2026_13_GB_NO,2026-12-06,Sunday,NO,GB,GB,0.4438754068244445,0.5561245931755555,-3.1,GB by 3.1,Pending,1417.783280029903,1552.8527137089563,-135.06943367905342,-80.06943367905342,0.38676837707721773,0.4886609545779097,0.48045904521652727,0.008201909361382431,0.14705882352941174
2026,13,2026_13_SF_NYG,2026-12-06,Sunday,NYG,SF,SF,0.37269517130540414,0.6273048286945959,-5.1,SF by 5.1,Pending,1353.5205282727377,1585.1413933211281,-231.62086504839044,-176.62086504839044,0.2656684693961629,0.5059447927777923,0.5193208770119313,-0.013376084234139052,0.44891640866873067
2026,13,2026_13_LAC_TB,2026-12-06,Sunday,TB,LAC,TB,0.5597772109527408,0.4402227890472592,1.2,TB by 1.2,Pending,1497.9012369881557,1534.4557862707848,-36.55454928262907,18.44545071737093,0.5265202256551119,0.5207842270034949,0.4749892159592883,0.045795011044206635,0.14052287581699352
2026,13,2026_13_WAS_TEN,2026-12-06,Sunday,TEN,WAS,WAS,0.3815566024657013,0.6184433975342987,-3.8,WAS by 3.8,Pending,1330.332254924288,1456.8056283712237,-126.47337344693574,-71.47337344693574,0.3985683701464796,0.5618413103115343,0.492299520427366,0.06954178988416826,0.11764705882352941
2026,13,2026_13_PHI_ARI,2026-12-06,Sunday,ARI,PHI,PHI,0.25492095552850164,0.7450790444714983,-8.3,PHI by 8.3,Pending,1356.531626944628,1638.0379543136396,-281.5063273690116,-226.50632736901161,0.21351354416540588,0.560304741091483,0.4745422925505485,0.08576244854093451,0.434640522875817
2026,13,2026_13_MIA_DEN,2026-12-06,Sunday,DEN,MIA,DEN,0.6809803348632673,0.31901966513673274,6.1,DEN by 6.1,Pending,1581.1898275002966,1480.2786219827315,100.91120551756512,155.91120551756512,0.710434872971847,0.44263005294453883,0.4781171498527171,-0.03548709690817825,-0.3777089783281734
2026,13,2026_13_CAR_MIN,2026-12-06,Sunday,MIN,CAR,MIN,0.8087062848160295,0.19129371518397054,10.6,MIN by 10.6,Pending,1573.47964397557,1376.8240711220988,196.6555728534713,251.6555728534713,0.8097899532863794,0.49877476274307453,0.5230484981516973,-0.024273735408622765,-0.08496732026143794
2026,13,2026_13_BUF_NE,2026-12-06,Sunday,NE,BUF,BUF,0.42040603223116524,0.5795939677688348,-1.4,BUF by 1.4,Pending,1537.208836089795,1657.9834688762242,-120.77463278642904,-65.77463278642904,0.4064575544573177,0.45141366488115714,0.4930127175523949,-0.04159905267123776,-0.12531328320802004
2026,13,2026_13_HOU_PIT,2026-12-06,Sunday,PIT,HOU,HOU,0.47972032273180554,0.5202796772681945,-0.2,HOU by 0.2,Pending,1553.942247410671,1562.1138654935485,-8.171618082877558,46.82838191712244,0.5669863150683451,0.5068653387280838,0.5299845330560665,-0.023119194327982706,0.1286549707602339
2026,13,2026_13_DAL_SEA,2026-12-07,Monday,SEA,DAL,SEA,0.740759457797943,0.25924054220205694,8.5,SEA by 8.5,Pending,1644.2636650752254,1499.349738820504,144.91392625472145,199.91392625472145,0.7596564742280875,0.524311759791636,0.4234606123151015,0.10085114747653451,-0.43823529411764706
2026,14,2026_14_MIN_NE,2026-12-10,Thursday,NE,MIN,NE,0.5271387836258352,0.4728612163741648,2.2,NE by 2.2,Pending,1537.208836089795,1573.47964397557,-36.27080788577496,18.729192114225043,0.5269273958521504,0.45141366488115714,0.49877476274307453,-0.04736109786191739,-0.2801120448179272
2026,14,2026_14_TB_BAL,2026-12-13,Sunday,BAL,TB,BAL,0.6621639877577857,0.33783601224221427,5.6,BAL by 5.6,Pending,1586.6557479690816,1497.9012369881557,88.75451098092594,143.75451098092594,0.6958297593732354,0.49498544515845555,0.5207842270034949,-0.025798781845039365,0.0
2026,14,2026_14_NO_CAR,2026-12-13,Sunday,CAR,NO,NO,0.4283378889784008,0.5716621110215991,-1.0,NO by 1.0,Pending,1376.8240711220988,1417.783280029903,-40.95920890780417,14.040791092195832,0.520195329645429,0.5230484981516973,0.4886609545779097,0.03438754357378759,-0.09150326797385616
2026,14,2026_14_ATL_CLE,2026-12-13,Sunday,CLE,ATL,ATL,0.451752303028717,0.5482476969712831,-0.9,ATL by 0.9,Pending,1413.7470343934165,1446.964728100733,-33.217693707316585,21.782306292683415,0.5313062518674067,0.4745702202449608,0.48957153552855615,-0.015001315283595329,0.1764705882352941
2026,14,2026_14_TEN_DET,2026-12-13,Sunday,DET,TEN,DET,0.8295301253749984,0.17046987462500163,13.1,DET by 13.1,Pending,1592.8202590447809,1330.332254924288,262.48800412049286,317.48800412049286,0.8614765086473176,0.47476476658774963,0.5618413103115343,-0.08707654372378465,-0.3529411764705882
2026,14,2026_14_CHI_MIA,2026-12-13,Sunday,MIA,CHI,MIA,0.5182704597753093,0.4817295402246907,1.0,MIA by 1.0,Pending,1480.2786219827315,1479.935886878985,0.3427351037464632,55.34273510374646,0.5789777564038233,0.4781171498527171,0.4608820813644017,0.017235068488315408,0.2198142414860681
2026,14,2026_14_DEN_NYJ,2026-12-13,Sunday,NYJ,DEN,DEN,0.22852582322432302,0.771474176775677,-9.1,DEN by 9.1,Pending,1335.355028401628,1581.1898275002966,-245.83479909866855,-190.83479909866855,0.2500147902157802,0.538013141273021,0.44263005294453883,0.09538308832848219,0.6130030959752322
2026,14,2026_14_IND_PHI,2026-12-13,Sunday,PHI,IND,PHI,0.6932893050112056,0.30671069498879444,6.2,PHI by 6.2,Pending,1638.0379543136396,1454.9725411903837,183.0654131232559,238.0654131232559,0.7974471428632773,0.4745422925505485,0.5261407555798376,-0.051598463029289166,-0.14052287581699352
2026,14,2026_14_HOU_WAS,2026-12-13,Sunday,WAS,HOU,HOU,0.38906569627853727,0.6109343037214627,-3.8,HOU by 3.8,Pending,1456.8056283712237,1562.1138654935485,-105.30823712232473,-50.308237122324726,0.4281024105132651,0.492299520427366,0.5299845330560665,-0.0376850126287005,0.39009287925696595
2026,14,2026_14_LAC_LV,2026-12-13,Sunday,LV,LAC,LAC,0.3681959291083649,0.631804070891635,-5.3,LAC by 5.3,Pending,1353.6925322970033,1534.4557862707848,-180.7632539737815,-125.7632539737815,0.32652343329112493,0.5204736177236633,0.4749892159592883,0.045484401764375015,0.434640522875817
2026,14,2026_14_KC_CIN,2026-12-13,Sunday,CIN,KC,CIN,0.5113316838775999,0.48866831612240014,-1.9,KC by 1.9,Pending,1502.3781052097193,1609.9318416725314,-107.55373646281214,-52.55373646281214,0.4249406781869081,0.5059447927777923,0.49671179101155427,0.00923300176623798,0.0
2026,14,2026_14_NYG_SEA,2026-12-13,Sunday,SEA,NYG,SEA,0.8286923515847094,0.17130764841529056,12.5,SEA by 12.5,Pending,1644.2636650752254,1353.5205282727377,290.7431368024877,345.7431368024877,0.8797703752172568,0.524311759791636,0.5059447927777923,0.01836696701384377,-0.6147058823529412
2026,14,2026_14_LA_SF,2026-12-13,Sunday,SF,LA,LA,0.43128179937845323,0.5687182006215468,-1.6,LA by 1.6,Pending,1585.1413933211281,1602.9556527783745,-17.814259457246408,37.18574054275359,0.5533111735589832,0.5193208770119313,0.5375275197798418,-0.018206642767910508,0.015789473684210464
2026,14,2026_14_BUF_GB,2026-12-13,Sunday,GB,BUF,BUF,0.34578792161581423,0.6542120783841858,-3.7,BUF by 3.7,Pending,1552.8527137089563,1657.9834688762242,-105.13075516726781,-50.13075516726781,0.42835256465937666,0.48045904521652727,0.4930127175523949,-0.012553672335867627,0.1842105263157895
2026,14,2026_14_PIT_JAX,2026-12-14,Monday,JAX,PIT,JAX,0.5714006479403343,0.4285993520596657,2.2,JAX by 2.2,Pending,1489.2085937804145,1553.942247410671,-64.73365363025641,-9.733653630256413,0.48599581008375187,0.4811823949852847,0.5068653387280838,-0.025682943742799114,-0.16666666666666663
2026,15,2026_15_SF_LAC,2026-12-17,Thursday,LAC,SF,SF,0.43759395080680247,0.5624060491931975,-1.3,SF by 1.3,Pending,1534.4557862707848,1585.1413933211281,-50.68560705034338,4.314392949656622,0.5062085914339586,0.4749892159592883,0.5193208770119313,-0.04433166105264302,0.07309941520467833
2026,15,2026_15_SEA_PHI,2026-12-19,Saturday,PHI,SEA,SEA,0.4129381453023756,0.5870618546976244,-1.9,SEA by 1.9,Pending,1638.0379543136396,1644.2636650752254,-6.225710761585788,48.77428923841421,0.5697343469050988,0.4745422925505485,0.524311759791636,-0.04976946724108755,0.23888888888888882
2026,15,2026_15_CHI_BUF,2026-12-19,Saturday,BUF,CHI,BUF,0.7528572961760038,0.24714270382399617,8.6,BUF by 8.6,Pending,1657.9834688762242,1479.935886878985,178.04758199723915,233.04758199723915,0.7927413908892014,0.4930127175523949,0.4608820813644017,0.03213063618799322,-0.052631578947368474
2026,15,2026_15_CIN_CAR,2026-12-20,Sunday,CAR,CIN,CIN,0.3169191657630297,0.6830808342369703,-4.2,CIN by 4.2,Pending,1376.8240711220988,1502.3781052097193,-125.5540340876205,-70.5540340876205,0.399837636652554,0.5230484981516973,0.5059447927777923,0.017103705373905043,-0.09150326797385616
2026,15,2026_15_MIA_GB,2026-12-20,Sunday,GB,MIA,GB,0.6036518164095735,0.39634818359042645,4.3,GB by 4.3,Pending,1552.8527137089563,1480.2786219827315,72.57409172622488,127.57409172622488,0.6757647115918677,0.48045904521652727,0.4781171498527171,0.002341895363810187,-0.08823529411764708
2026,15,2026_15_JAX_HOU,2026-12-20,Sunday,HOU,JAX,HOU,0.5863702481974759,0.41362975180252415,3.3,HOU by 3.3,Pending,1562.1138654935485,1489.2085937804145,72.90527171313397,127.90527171313397,0.6761822822168531,0.5299845330560665,0.4811823949852847,0.04880213807078182,0.03801169590643272
2026,15,2026_15_CLE_NYG,2026-12-20,Sunday,NYG,CLE,NYG,0.5365106514013023,0.4634893485986977,1.1,NYG by 1.1,Pending,1353.5205282727377,1413.7470343934165,-60.22650612067878,-5.226506120678778,0.49247902038444996,0.5059447927777923,0.4745702202449608,0.031374572532831435,0.05882352941176472
2026,15,2026_15_BAL_PIT,2026-12-20,Sunday,PIT,BAL,BAL,0.4783561772801138,0.5216438227198862,-0.0,PIT by 0.0,Pending,1553.942247410671,1586.6557479690816,-32.713500558410715,22.286499441589285,0.5320289334055472,0.5068653387280838,0.49498544515845555,0.011879893569628264,-0.08496732026143794
2026,15,2026_15_NO_TB,2026-12-20,Sunday,TB,NO,TB,0.605712121155628,0.394287878844372,4.3,TB by 4.3,Pending,1497.9012369881557,1417.783280029903,80.11795695825276,135.11795695825276,0.6852060900287226,0.5207842270034949,0.4886609545779097,0.032123272425585214,-0.11764705882352938
2026,15,2026_15_IND_TEN,2026-12-20,Sunday,TEN,IND,IND,0.36324493349188786,0.6367550665081121,-5.6,IND by 5.6,Pending,1330.332254924288,1454.9725411903837,-124.6402862660957,-69.6402862660957,0.40110051741313557,0.5618413103115343,0.5261407555798376,0.03570055473169664,0.2941176470588235
2026,15,2026_15_ATL_WAS,2026-12-20,Sunday,WAS,ATL,ATL,0.48695207482022074,0.5130479251797793,0.4,WAS by 0.4,Pending,1456.8056283712237,1446.964728100733,9.840900270490692,64.84090027049069,0.592245079490818,0.492299520427366,0.48957153552855615,0.0027279848988098765,0.1764705882352941
2026,15,2026_15_NYJ_ARI,2026-12-20,Sunday,ARI,NYJ,ARI,0.5974914727946389,0.4025085272053611,3.3,ARI by 3.3,Pending,1356.531626944628,1335.355028401628,21.176598542999955,76.17659854299995,0.6079034002000797,0.560304741091483,0.538013141273021,0.02229159981846196,0.0
2026,15,2026_15_DAL_LA,2026-12-20,Sunday,LA,DAL,LA,0.6870609310193455,0.3129390689806545,7.0,LA by 7.0,Pending,1602.9556527783745,1499.349738820504,103.6059139578706,158.6059139578706,0.7136155090900032,0.5375275197798418,0.4234606123151015,0.1140669074647403,-0.28823529411764703
2026,15,2026_15_DEN_LV,2026-12-20,Sunday,LV,DEN,DEN,0.2508365635976135,0.7491634364023865,-8.7,DEN by 8.7,Pending,1353.6925322970033,1581.1898275002966,-227.49729520329333,-172.49729520329333,0.27032500777276214,0.5204736177236633,0.44263005294453883,0.07784356477912446,0.6130030959752322
2026,15,2026_15_DET_MIN,2026-12-20,Sunday,MIN,DET,MIN,0.5305776428278707,0.4694223571721293,0.4,MIN by 0.4,Pending,1573.47964397557,1592.8202590447809,-19.3406150692108,35.6593849307892,0.5511385392339817,0.49877476274307453,0.47476476658774963,0.024009996155324898,0.0
2026,15,2026_15_NE_KC,2026-12-21,Monday,KC,NE,KC,0.518697835216992,0.481302164783008,1.4,KC by 1.4,Pending,1609.9318416725314,1537.208836089795,72.72300558273628,127.72300558273628,0.6759525053448502,0.49671179101155427,0.45141366488115714,0.04529812613039713,0.4565826330532213
2026,16,2026_16_HOU_PHI,2026-12-24,Thursday,PHI,HOU,PHI,0.5682934603650655,0.43170653963493455,2.8,PHI by 2.8,Pending,1638.0379543136396,1562.1138654935485,75.92408882009113,130.92408882009113,0.6799755925557972,0.4745422925505485,0.5299845330560665,-0.05544224050551805,0.07309941520467833
2026,16,2026_16_GB_CHI,2026-12-25,Friday,CHI,GB,CHI,0.5153628071683041,0.48463719283169593,-0.1,GB by 0.1,Pending,1479.935886878985,1552.8527137089563,-72.91682682997134,-17.916826829971342,0.47423844569935547,0.4608820813644017,0.48045904521652727,-0.019576963852125595,-0.13157894736842102
2026,16,2026_16_BUF_DEN,2026-12-25,Friday,DEN,BUF,BUF,0.42626992309617084,0.5737300769038292,-1.8,BUF by 1.8,Pending,1581.1898275002966,1657.9834688762242,-76.79364137592756,-21.793641375927564,0.4686774996200206,0.44263005294453883,0.4930127175523949,-0.050382664607856065,-0.10526315789473684
2026,16,2026_16_LA_SEA,2026-12-25,Friday,SEA,LA,SEA,0.6118884710000954,0.38811152899990464,3.5,SEA by 3.5,Pending,1644.2636650752254,1602.9556527783745,41.30801229685085,96.30801229685085,0.6351543107993528,0.524311759791636,0.5375275197798418,-0.013215759988205789,-0.15000000000000002
2026,16,2026_16_TB_ATL,2026-12-27,Sunday,ATL,TB,ATL,0.5678770774452322,0.4321229225547678,1.7,ATL by 1.7,Pending,1446.964728100733,1497.9012369881557,-50.93650888742263,4.063491112577367,0.5058475671638454,0.48957153552855615,0.5207842270034949,-0.03121269147493877,0.0
2026,16,2026_16_CLE_BAL,2026-12-27,Sunday,BAL,CLE,BAL,0.7213797900164856,0.27862020998351444,7.9,BAL by 7.9,Pending,1586.6557479690816,1413.7470343934165,172.90871357566516,227.90871357566516,0.7878389468893602,0.49498544515845555,0.4745702202449608,0.020415224913494734,-0.1764705882352941
2026,16,2026_16_CIN_IND,2026-12-27,Sunday,IND,CIN,CIN,0.47023619601308914,0.5297638039869108,1.5,IND by 1.5,Pending,1454.9725411903837,1502.3781052097193,-47.40556401933554,7.594435980664457,0.5109275316029268,0.5261407555798376,0.5059447927777923,0.020195962802045386,-0.11764705882352938
2026,16,2026_16_LAC_MIA,2026-12-27,Sunday,MIA,LAC,MIA,0.5417882629341347,0.45821173706586527,0.8,MIA by 0.8,Pending,1480.2786219827315,1534.4557862707848,-54.17716428805329,0.8228357119467091,0.5011841535637628,0.4781171498527171,0.4749892159592883,0.0031279338934288026,0.19934640522875824
2026,16,2026_16_WAS_MIN,2026-12-27,Sunday,MIN,WAS,MIN,0.7085125875940159,0.2914874124059841,7.1,MIN by 7.1,Pending,1573.47964397557,1456.8056283712237,116.67401560434632,171.67401560434632,0.7287391752971079,0.49877476274307453,0.492299520427366,0.006475242315708507,-0.23529411764705882
2026,16,2026_16_ARI_NO,2026-12-27,Sunday,NO,ARI,NO,0.6539258442460675,0.3460741557539325,4.5,NO by 4.5,Pending,1417.783280029903,1356.531626944628,61.25165308527494,116.25165308527494,0.661323623845133,0.4886609545779097,0.560304741091483,-0.07164378651357328,-0.17647058823529413
2026,16,2026_16_NE_NYJ,2026-12-27,Sunday,NYJ,NE,NE,0.23169055688371995,0.76830944311628,-9.6,NE by 9.6,Pending,1335.355028401628,1537.208836089795,-201.85380768816708,-146.85380768816708,0.30040742965965606,0.538013141273021,0.45141366488115714,0.08659947639186388,0.6330532212885154
2026,16,2026_16_CAR_PIT,2026-12-27,Sunday,PIT,CAR,PIT,0.7514458750596504,0.24855412494034956,8.8,PIT by 8.8,Pending,1553.942247410671,1376.8240711220988,177.11817628857216,232.11817628857216,0.7918609811640523,0.5068653387280838,0.5230484981516973,-0.01618315942361348,-0.11111111111111116
2026,16,2026_16_TEN_LV,2026-12-27,Sunday,LV,TEN,LV,0.5555911825824874,0.4444088174175126,2.3,LV by 2.3,Pending,1353.6925322970033,1330.332254924288,23.360277372715245,78.36027737271525,0.6108955114167564,0.5204736177236633,0.5618413103115343,-0.041367692587870986,0.0
2026,16,2026_16_SF_KC,2026-12-27,Sunday,KC,SF,KC,0.5438259134437419,0.45617408655625813,2.3,KC by 2.3,Pending,1609.9318416725314,1585.1413933211281,24.790448351403256,79.79044835140326,0.6128506523331683,0.49671179101155427,0.5193208770119313,-0.022609086000377032,0.33126934984520123
2026,16,2026_16_JAX_DAL,2026-12-27,Sunday,DAL,JAX,DAL,0.5263384354690124,0.4736615645309876,1.0,DAL by 1.0,Pending,1499.349738820504,1489.2085937804145,10.141145040089441,65.14114504008944,0.5926623930316646,0.4234606123151015,0.4811823949852847,-0.057721782670183186,0.3104575163398693
2026,16,2026_16_NYG_DET,2026-12-28,Monday,DET,NYG,DET,0.7508040974595527,0.24919590254044732,9.6,DET by 9.6,Pending,1592.8202590447809,1353.5205282727377,239.29973077204318,294.2997307720432,0.8447659242504774,0.47476476658774963,0.5059447927777923,-0.03118002619004262,-0.29411764705882354
2026,17,2026_17_BAL_CIN,2026-12-31,Thursday,CIN,BAL,BAL,0.4817489066457051,0.518251093354295,-1.6,BAL by 1.6,Pending,1502.3781052097193,1586.6557479690816,-84.27764275936238,-29.27764275936238,0.4579655345900694,0.5059447927777923,0.49498544515845555,0.010959347619336701,0.11764705882352938
2026,17,2026_17_NO_ATL,2027-01-03,Sunday,ATL,NO,ATL,0.6270444297457564,0.37295557025424364,4.4,ATL by 4.4,Pending,1446.964728100733,1417.783280029903,29.18144807083013,84.18144807083013,0.6188305283625111,0.48957153552855615,0.4886609545779097,0.0009105809506464446,-0.11764705882352938
2026,17,2026_17_SEA_CAR,2027-01-03,Sunday,CAR,SEA,SEA,0.16296848421824592,0.837031515781754,-12.1,SEA by 12.1,Pending,1376.8240711220988,1644.2636650752254,-267.43959395312663,-212.43959395312663,0.2274264007474853,0.5230484981516973,0.524311759791636,-0.0012632616399387286,0.40555555555555556
2026,17,2026_17_IND_CLE,2027-01-03,Sunday,CLE,IND,IND,0.4915834673185398,0.5084165326814603,-1.2,IND by 1.2,Pending,1413.7470343934165,1454.9725411903837,-41.22550679696724,13.774493203032762,0.5198127096156218,0.4745702202449608,0.5261407555798376,-0.05157053533487682,0.1764705882352941
2026,17,2026_17_NYG_DAL,2027-01-03,Sunday,DAL,NYG,DAL,0.6780817996568764,0.3219182003431236,6.6,DAL by 6.6,Pending,1499.349738820504,1353.5205282727377,145.82921054776625,200.82921054776625,0.7606171274249941,0.4234606123151015,0.5059447927777923,-0.08248418046269074,-0.1764705882352941
2026,17,2026_17_WAS_JAX,2027-01-03,Sunday,JAX,WAS,JAX,0.6585342434376577,0.34146575656234235,5.8,JAX by 5.8,Pending,1489.2085937804145,1456.8056283712237,32.402965409190756,87.40296540919076,0.6231950596267498,0.4811823949852847,0.492299520427366,-0.011117125442081321,-0.42810457516339867
2026,17,2026_17_KC_LAC,2027-01-03,Sunday,LAC,KC,KC,0.44000743440176915,0.5599925655982309,-1.8,KC by 1.8,Pending,1534.4557862707848,1609.9318416725314,-75.47605540174663,-20.476055401746635,0.47056665673183856,0.4749892159592883,0.49671179101155427,-0.02172257505226599,-0.2581699346405229
2026,17,2026_17_BUF_MIA,2027-01-03,Sunday,MIA,BUF,BUF,0.2947473960039229,0.7052526039960771,-6.2,BUF by 6.2,Pending,1480.2786219827315,1657.9834688762242,-177.7048468934927,-122.70484689349269,0.33040676969492644,0.4781171498527171,0.4930127175523949,-0.014895567699677814,0.27244582043343657
2026,17,2026_17_DEN_NE,2027-01-03,Sunday,NE,DEN,NE,0.5404077873478701,0.4595922126521299,2.1,NE by 2.1,Pending,1537.208836089795,1581.1898275002966,-43.980991410501474,11.019008589498526,0.5158523133740194,0.45141366488115714,0.44263005294453883,0.008783611936618307,-0.020050125313283207
2026,17,2026_17_MIN_NYJ,2027-01-03,Sunday,NYJ,MIN,MIN,0.2190242670788135,0.7809757329211865,-9.0,MIN by 9.0,Pending,1335.355028401628,1573.47964397557,-238.12461557394204,-183.12461557394204,0.2584289787626405,0.538013141273021,0.49877476274307453,0.039238378529946494,0.3529411764705882
2026,17,2026_17_LA_TB,2027-01-03,Sunday,TB,LA,LA,0.34072722710550135,0.6592727728944987,-5.3,LA by 5.3,Pending,1497.9012369881557,1602.9556527783745,-105.05441579021885,-50.054415790218854,0.4284601734144178,0.5207842270034949,0.5375275197798418,-0.016743292776346896,0.22941176470588232
2026,17,2026_17_PIT_TEN,2027-01-03,Sunday,TEN,PIT,PIT,0.3004456939744081,0.6995543060255919,-7.2,PIT by 7.2,Pending,1330.332254924288,1553.942247410671,-223.6099924863829,-168.6099924863829,0.27476149592725757,0.5618413103115343,0.5068653387280838,0.05497597158345047,0.3790849673202614
2026,17,2026_17_LV_ARI,2027-01-03,Sunday,ARI,LV,ARI,0.5670590297102238,0.4329409702897762,2.9,ARI by 2.9,Pending,1356.531626944628,1353.6925322970033,2.8390946476247336,57.839094647624734,0.5824766414615623,0.560304741091483,0.5204736177236633,0.03983112336781969,0.0
2026,17,2026_17_DET_CHI,2027-01-03,Sunday,CHI,DET,DET,0.4022201886334049,0.5977798113665951,-3.3,DET by 3.3,Pending,1479.935886878985,1592.8202590447809,-112.88437216579587,-57.88437216579587,0.4174599732802125,0.4608820813644017,0.47476476658774963,-0.013882685223347957,-0.10216718266253866
2026,17,2026_17_PHI_SF,2027-01-03,Sunday,SF,PHI,PHI,0.49779002809316963,0.5022099719068304,0.3,SF by 0.3,Pending,1585.1413933211281,1638.0379543136396,-52.89656099251147,2.1034390074885323,0.5030270550805594,0.5193208770119313,0.4745422925505485,0.04477858446138283,-0.07309941520467833
2026,17,2026_17_HOU_GB,2027-01-04,Monday,GB,HOU,HOU,0.4663939472360952,0.5336060527639048,-0.1,HOU by 0.1,Pending,1552.8527137089563,1562.1138654935485,-9.26115178459213,45.73884821540787,0.5654458507673379,0.48045904521652727,0.5299845330560665,-0.04952548783953925,0.1842105263157895
2026,18,2026_18_SF_ARI,2027-01-10,Sunday,ARI,SF,SF,0.2915558525227258,0.7084441474772742,-7.1,SF by 7.1,Pending,1356.531626944628,1585.1413933211281,-228.60976637650015,-173.60976637650015,0.26906370203861146,0.560304741091483,0.5193208770119313,0.04098386407955168,0.5077399380804953
2026,18,2026_18_PIT_BAL,2027-01-10,Sunday,BAL,PIT,BAL,0.6126294744085604,0.3873705255914396,3.6,BAL by 3.6,Pending,1586.6557479690816,1553.942247410671,32.713500558410715,87.71350055841071,0.623614732894132,0.49498544515845555,0.5068653387280838,-0.011879893569628264,0.08496732026143794
2026,18,2026_18_NYJ_BUF,2027-01-10,Sunday,BUF,NYJ,BUF,0.8818965391694095,0.11810346083059053,14.6,BUF by 14.6,Pending,1657.9834688762242,1335.355028401628,322.6284404745961,377.6284404745961,0.8978723166933069,0.4930127175523949,0.538013141273021,-0.045000423720626126,-0.5077399380804953
2026,18,2026_18_ATL_CAR,2027-01-10,Sunday,CAR,ATL,ATL,0.34914035725145137,0.6508596427485487,-3.6,ATL by 3.6,Pending,1376.8240711220988,1446.964728100733,-70.1406569786343,-15.140656978634297,0.47822462566039686,0.5230484981516973,0.48957153552855615,0.03347696262314115,0.02614379084967322
2026,18,2026_18_CLE_CIN,2027-01-10,Sunday,CIN,CLE,CIN,0.669698484602282,0.330301515397718,4.9,CIN by 4.9,Pending,1502.3781052097193,1413.7470343934165,88.63107081630278,143.63107081630278,0.6956793439642789,0.5059447927777923,0.4745702202449608,0.031374572532831435,-0.05882352941176472
2026,18,2026_18_LAC_DEN,2027-01-10,Sunday,DEN,LAC,DEN,0.6779589878660958,0.32204101213390424,5.3,DEN by 5.3,Pending,1581.1898275002966,1534.4557862707848,46.73404122951183,101.73404122951183,0.6423614281692347,0.44263005294453883,0.4749892159592883,-0.03235916301474945,-0.17836257309941517
2026,18,2026_18_DET_GB,2027-01-10,Sunday,GB,DET,DET,0.4325343082086541,0.5674656917913459,-1.5,DET by 1.5,Pending,1552.8527137089563,1592.8202590447809,-39.967545335824525,15.032454664175475,0.5216199519297767,0.48045904521652727,0.47476476658774963,0.005694278628777638,0.02941176470588236
2026,18,2026_18_TEN_HOU,2027-01-10,Sunday,HOU,TEN,HOU,0.8110006470906825,0.18899935290931746,12.1,HOU by 12.1,Pending,1562.1138654935485,1330.332254924288,231.78161056926047,286.78161056926047,0.839005580321876,0.5299845330560665,0.5618413103115343,-0.03185677725546776,-0.5077399380804953
2026,18,2026_18_JAX_IND,2027-01-10,Sunday,IND,JAX,JAX,0.4485093814648147,0.5514906185351853,-0.5,JAX by 0.5,Pending,1454.9725411903837,1489.2085937804145,-34.236052590030795,20.763947409969205,0.5298461972368818,0.5261407555798376,0.4811823949852847,0.04495836059455294,0.25163398692810457
2026,18,2026_18_LV_KC,2027-01-10,Sunday,KC,LV,KC,0.7854087412595081,0.2145912587404919,11.4,KC by 11.4,Pending,1609.9318416725314,1353.6925322970033,256.23930937552814,311.23930937552814,0.8571279196851653,0.49671179101155427,0.5204736177236633,-0.023761826712109024,-0.17647058823529413
2026,18,2026_18_SEA_LA,2027-01-10,Sunday,LA,SEA,SEA,0.47903180663956707,0.5209681933604329,0.0,LA by 0.0,Pending,1602.9556527783745,1644.2636650752254,-41.30801229685085,13.691987703149152,0.5196941599780175,0.5375275197798418,0.524311759791636,0.013215759988205789,0.15000000000000002
2026,18,2026_18_CHI_MIN,2027-01-10,Sunday,MIN,CHI,MIN,0.6680601815330757,0.33193981846692433,5.3,MIN by 5.3,Pending,1573.47964397557,1479.935886878985,93.54375709658507,148.54375709658507,0.7016330835224324,0.49877476274307453,0.4608820813644017,0.037892681378672854,0.10216718266253866
2026,18,2026_18_MIA_NE,2027-01-10,Sunday,NE,MIA,NE,0.6765959630201792,0.3234040369798208,6.6,NE by 6.6,Pending,1537.208836089795,1480.2786219827315,56.93021410706365,111.93021410706365,0.6557298240353416,0.45141366488115714,0.4781171498527171,-0.026703484971559943,-0.3977591036414566
2026,18,2026_18_TB_NO,2027-01-10,Sunday,NO,TB,TB,0.48476236963846797,0.515237630361532,-0.9,TB by 0.9,Pending,1417.783280029903,1497.9012369881557,-80.11795695825276,-25.117956958252762,0.46391519936900066,0.4886609545779097,0.5207842270034949,-0.032123272425585214,0.11764705882352938
2026,18,2026_18_PHI_NYG,2027-01-10,Sunday,NYG,PHI,PHI,0.3306804350344103,0.6693195649655896,-6.3,PHI by 6.3,Pending,1353.5205282727377,1638.0379543136396,-284.5174260409019,-229.5174260409019,0.21061729926424383,0.5059447927777923,0.4745422925505485,0.03140250022724378,0.37581699346405234
2026,18,2026_18_DAL_WAS,2027-01-10,Sunday,WAS,DAL,DAL,0.44906840679706334,0.5509315932029366,-1.4,DAL by 1.4,Pending,1456.8056283712237,1499.349738820504,-42.5441104492802,12.455889550719803,0.5179177901425558,0.492299520427366,0.4234606123151015,0.06883890811226451,0.11764705882352938
